date,open,high,close,low,volume,amount
2000-07-25,18.18,18.77,17.9,17.4,32674700.0,586658494.0
2000-07-26,18.03,19.5,18.29,18.02,13470300.0,250687856.0
2000-07-27,18.3,18.5,17.87,17.78,5318900.0,95851503.0
2000-07-28,18.0,18.25,18.07,17.74,2367800.0,42614685.0
2000-07-31,18.0,18.0,17.7,17.59,2384700.0,42136682.0
2000-08-01,17.78,17.96,17.79,17.62,1048300.0,18629122.0
2000-08-02,17.8,18.1,18.0,17.68,1599900.0,28704695.0
2000-08-03,18.0,18.49,17.96,17.92,2250000.0,40948708.0
2000-08-04,18.01,18.22,18.13,17.91,1452100.0,26248210.0
2000-08-07,18.1,18.48,18.34,18.01,2091700.0,38281355.0
2000-08-08,18.45,18.58,18.25,18.16,1506400.0,27588931.0
2000-08-09,18.45,18.45,18.34,18.2,1482700.0,27159691.0
2000-08-10,18.45,19.05,18.7,18.4,3923800.0,73636485.0
2000-08-11,18.7,18.75,18.39,18.31,1492200.0,27565671.0
2000-08-14,18.28,18.45,18.38,18.23,1596800.0,29209495.0
2000-08-15,18.38,18.48,18.46,18.28,1019100.0,18715011.0
2000-08-16,18.5,18.53,18.19,18.0,1456100.0,26524110.0
2000-08-17,18.2,18.5,18.2,18.05,1418000.0,25845286.0
2000-08-18,18.26,18.45,18.2,18.1,815300.0,14873233.0
2000-08-21,18.2,18.29,18.17,18.1,1117900.0,20283268.0
2000-08-22,18.2,18.45,18.1,18.1,1071100.0,19588974.0
2000-08-23,18.1,18.27,17.96,17.51,2128400.0,37962966.0
2000-08-24,18.0,18.38,18.34,17.81,1657700.0,29980321.0
2000-08-25,18.4,18.98,18.89,18.4,5075100.0,95178976.0
2000-08-28,19.0,19.06,18.73,18.55,1610000.0,30180042.0
2000-08-29,18.71,18.96,18.75,18.63,1215700.0,22832716.0
2000-08-30,18.75,19.4,18.9,18.75,4128900.0,79168461.0
2000-08-31,18.8,18.88,18.25,18.18,2380900.0,44028291.0
2000-09-01,18.1,18.86,18.54,18.06,2843900.0,52791148.0
2000-09-04,18.5,18.88,18.78,18.33,1164200.0,21702781.0
2000-09-05,18.9,18.96,18.27,18.19,1028100.0,19104959.0
2000-09-06,18.25,19.18,18.75,18.15,3318243.0,62486640.0
2000-09-07,18.95,19.16,19.03,18.65,2687500.0,51075651.0
2000-09-08,19.03,19.29,18.8,18.68,1406500.0,26717638.0
2000-09-11,19.0,19.36,19.26,18.92,1637300.0,31458781.0
2000-09-12,19.35,19.4,19.23,19.05,903000.0,17320442.0
2000-09-13,19.26,19.29,18.88,18.84,1354000.0,25727906.0
2000-09-14,18.86,19.02,18.79,18.65,930300.0,17502920.0
2000-09-15,18.79,18.87,18.72,18.6,706600.0,13204730.0
2000-09-18,18.78,18.98,18.28,18.23,1039100.0,19176203.0
2000-09-19,18.2,18.3,18.14,18.02,819900.0,14856413.0
2000-09-20,18.22,18.4,18.15,17.9,789700.0,14280305.0
2000-09-21,18.2,18.28,17.93,17.92,615000.0,11085539.0
2000-09-22,17.9,18.2,18.03,17.8,494100.0,8866646.0
2000-09-25,18.03,18.15,17.7,17.68,547200.0,9773902.0
2000-09-26,17.7,17.99,17.83,17.7,295300.0,5261173.0
2000-09-27,17.83,18.35,18.28,17.83,472300.0,8594075.0
2000-09-28,18.28,18.34,17.9,17.85,374400.0,6746957.0
2000-09-29,17.9,18.25,18.11,17.89,242600.0,4395119.0
2000-10-09,18.1,18.15,18.1,17.78,446800.0,7984494.0
2000-10-10,18.1,18.27,18.1,18.0,490500.0,8879100.0
2000-10-11,18.12,18.35,18.15,18.09,437400.0,7963833.0
2000-10-12,18.15,18.37,18.22,18.14,413800.0,7542397.0
2000-10-13,18.22,18.25,17.95,17.86,481300.0,8664717.0
2000-10-16,17.88,18.1,17.64,17.64,625300.0,11166286.0
2000-10-17,17.65,18.38,18.0,17.56,480100.0,8516594.0
2000-10-18,18.05,18.24,18.22,17.9,524500.0,9504006.0
2000-10-19,18.2,18.23,17.91,17.88,374000.0,6751370.0
2000-10-20,17.99,19.45,19.11,17.9,4876300.0,92176636.0
2000-10-23,19.3,20.8,20.27,19.0,7830300.0,153974021.0
2000-10-24,20.27,20.91,20.52,20.02,6069500.0,123928142.0
2000-10-25,20.55,21.2,20.28,20.16,6229600.0,128824694.0
2000-10-26,20.24,21.55,21.26,20.2,7050100.0,148793643.0
2000-10-27,21.3,21.57,21.48,21.0,3730500.0,79619198.0
2000-10-30,21.5,22.49,22.1,21.5,5789000.0,127628207.0
2000-10-31,22.18,22.5,21.14,21.02,5940300.0,128369251.0
2000-11-01,21.0,21.34,21.2,20.6,3520500.0,73866564.0
2000-11-02,21.2,21.45,21.0,20.9,2013400.0,42550422.0
2000-11-03,21.0,21.25,20.7,20.65,1474100.0,30798592.0
2000-11-06,20.68,21.56,21.3,20.58,1646800.0,34764311.0
2000-11-07,21.38,21.5,21.34,21.2,1028800.0,21961146.0
2000-11-08,21.35,21.85,21.41,21.3,1152600.0,24845868.0
2000-11-09,21.6,21.78,21.46,21.2,1361800.0,29208307.0
2000-11-10,21.5,21.86,21.69,21.32,1664100.0,35842787.0
2000-11-13,22.0,22.5,22.03,21.9,2682900.0,59586644.0
2000-11-14,22.03,22.19,21.91,21.6,1625400.0,35347101.0
2000-11-15,21.8,21.88,21.57,21.5,1418900.0,30656033.0
2000-11-16,21.55,21.7,21.32,21.26,1606100.0,34382567.0
2000-11-17,21.32,21.92,21.6,21.28,1149100.0,24776028.0
2000-11-20,21.55,21.55,21.22,21.0,1313688.0,27802759.0
2000-11-21,21.21,21.39,21.07,21.01,817545.0,17304744.0
2000-11-22,21.07,21.69,21.4,21.05,658069.0,14058264.0
2000-11-23,21.4,21.95,21.65,21.4,1030787.0,22372996.0
2000-11-24,21.68,21.97,21.0,20.8,1280081.0,27410565.0
2000-11-27,20.9,21.08,20.52,20.45,1304789.0,27007805.0
2000-11-28,20.53,21.0,20.97,20.53,822600.0,17043157.0
2000-11-29,21.0,21.0,20.63,20.5,635807.0,13113452.0
2000-11-30,20.63,20.97,20.61,20.48,423174.0,8742059.0
2000-12-01,20.61,20.9,20.71,20.61,394237.0,8171020.0
2000-12-04,20.71,20.8,20.8,20.57,535300.0,11069413.0
2000-12-05,20.86,21.25,21.15,20.7,546094.0,11505326.0
2000-12-06,21.25,21.63,21.2,21.0,872700.0,18662343.0
2000-12-07,21.15,21.3,20.9,20.85,558940.0,11744865.0
2000-12-08,20.89,21.0,20.9,20.7,419161.0,8729556.0
2000-12-11,20.9,20.9,20.5,20.45,428662.0,8820747.0
2000-12-12,20.48,20.7,20.58,20.48,304681.0,6268991.0
2000-12-13,20.64,20.87,20.61,20.52,232813.0,4810937.0
2000-12-14,20.85,20.85,20.66,20.6,238392.0,4935629.0
2000-12-15,20.68,21.0,21.0,20.54,325021.0,6719849.0
2000-12-18,21.0,21.88,21.84,21.0,1616115.0,34856916.0
2000-12-19,21.93,22.06,21.66,21.6,1051830.0,22923386.0
2000-12-20,21.66,23.8,23.12,21.66,3603256.0,81528803.0
2000-12-21,23.15,23.78,22.94,22.9,2894039.0,67520690.0
2000-12-22,22.9,23.15,22.75,22.51,1433824.0,32706789.0
2000-12-25,22.75,23.18,22.99,22.7,776848.0,17845797.0
2000-12-26,23.05,23.4,23.2,22.75,878839.0,20289318.0
2000-12-27,23.51,23.6,22.65,22.59,1266142.0,29158200.0
2000-12-28,22.65,22.8,22.29,22.09,1236015.0,27850796.0
2000-12-29,22.2,22.6,22.44,22.2,724950.0,16292699.0
2001-01-02,22.63,23.37,23.14,22.43,668476.0,15358191.0
2001-01-03,23.3,23.42,23.2,22.81,1245804.0,28807505.0
2001-01-04,23.2,23.38,23.05,22.9,712064.0,16464495.0
2001-01-05,23.05,23.25,23.14,22.9,705011.0,16248582.0
2001-01-08,23.3,24.12,23.4,23.22,1552462.0,36676486.0
2001-01-09,23.5,23.6,23.14,22.8,692358.0,16024665.0
2001-01-10,23.14,23.35,23.15,23.0,480647.0,11141650.0
2001-01-11,23.06,23.75,22.81,22.81,782937.0,18310341.0
2001-01-12,22.0,23.0,22.36,21.99,1466792.0,32929587.0
2001-01-15,22.28,22.35,21.51,21.5,1300466.0,28380465.0
2001-01-16,21.45,21.6,21.26,20.61,1046112.0,22144621.0
2001-01-17,21.32,21.45,21.07,21.0,484918.0,10254842.0
2001-01-18,21.0,21.2,21.04,20.8,635472.0,13365835.0
2001-01-19,21.1,21.5,21.42,21.04,585831.0,12491737.0
2001-02-05,21.44,21.45,20.1,20.0,889700.0,18254315.0
2001-02-06,20.0,20.05,19.99,19.45,676425.0,13362756.0
2001-02-07,19.99,20.05,19.63,19.6,371390.0,7328302.0
2001-02-08,19.6,20.0,18.95,18.9,519335.0,10059886.0
2001-02-09,18.91,19.6,19.49,18.91,669275.0,12909734.0
2001-02-12,19.45,19.46,19.29,19.01,252993.0,4864267.0
2001-02-13,19.35,19.85,19.55,19.35,315316.0,6188277.0
2001-02-14,19.55,19.61,19.53,19.42,141570.0,2760394.0
2001-02-15,19.55,19.8,19.35,19.28,166843.0,3257090.0
2001-02-16,19.3,19.75,19.74,19.01,346727.0,6688428.0
2001-02-19,19.76,20.02,19.9,19.5,349447.0,6941096.0
2001-02-20,19.91,20.28,19.5,19.45,615500.0,12253590.0
2001-02-21,19.4,19.67,19.2,18.9,560035.0,10769102.0
2001-02-22,19.2,19.6,19.28,19.05,316632.0,6123160.0
2001-02-23,19.3,19.75,19.72,19.3,222464.0,4346828.0
2001-02-26,19.8,20.05,19.9,19.75,384161.0,7638802.0
2001-02-27,19.39,19.55,19.39,19.31,652800.0,12667494.0
2001-02-28,19.36,19.79,19.62,19.32,328942.0,6440237.0
2001-03-01,19.63,19.78,19.55,19.5,275795.0,5413026.0
2001-03-02,19.6,19.84,19.82,19.6,401548.0,7927430.0
2001-03-05,19.9,20.0,19.7,19.65,237440.0,4689121.0
2001-03-06,19.7,19.7,19.57,19.37,339363.0,6613164.0
2001-03-07,19.57,19.65,19.38,19.34,443675.0,8630740.0
2001-03-08,19.38,19.65,19.64,19.38,238333.0,4646559.0
2001-03-09,19.65,19.99,19.79,19.52,467812.0,9284646.0
2001-03-12,19.75,19.75,19.62,19.51,315564.0,6185660.0
2001-03-13,19.59,19.85,19.79,19.59,324661.0,6406846.0
2001-03-14,19.7,20.2,20.17,19.68,650713.0,13076274.0
2001-03-15,20.2,20.25,20.0,19.9,425480.0,8540794.0
2001-03-16,20.0,20.1,19.78,19.68,302185.0,6002792.0
2001-03-19,19.89,20.22,20.16,19.89,377198.0,7592578.0
2001-03-20,20.15,20.2,20.18,20.05,298481.0,6003001.0
2001-03-21,20.2,20.5,20.41,20.18,474282.0,9675005.0
2001-03-22,20.48,20.75,20.54,20.48,615325.0,12655970.0
2001-03-23,20.6,20.67,20.08,20.08,720923.0,14670937.0
2001-03-26,20.0,20.4,20.25,19.8,616920.0,12432281.0
2001-03-27,20.3,21.04,20.96,20.3,832630.0,17301945.0
2001-03-28,20.96,20.99,20.82,20.6,365760.0,7601048.0
2001-03-29,20.8,20.89,20.59,20.5,412869.0,8517080.0
2001-03-30,20.58,20.89,20.75,20.33,424286.0,8738686.0
2001-04-02,20.78,20.96,20.86,20.59,531972.0,11066684.0
2001-04-03,20.96,20.98,20.56,20.51,475300.0,9813049.0
2001-04-04,20.56,20.65,20.0,19.97,933448.0,18933355.0
2001-04-05,20.0,20.3,20.3,19.98,631949.0,12679123.0
2001-04-06,20.3,20.49,20.12,20.09,353749.0,7145909.0
2001-04-09,20.13,20.15,20.01,19.85,469848.0,9377127.0
2001-04-10,20.01,20.25,20.2,20.01,282471.0,5679358.0
2001-04-11,20.26,20.35,20.07,19.99,393178.0,7894004.0
2001-04-12,20.07,20.55,20.29,20.07,411766.0,8365204.0
2001-04-13,20.44,20.5,20.47,20.3,266625.0,5435072.0
2001-04-16,20.7,21.35,21.31,20.61,1672149.0,35242095.0
2001-04-17,21.35,21.49,21.35,21.0,968567.0,20587511.0
2001-04-18,21.35,21.36,21.08,21.02,573812.0,12136713.0
2001-04-19,21.08,21.15,20.88,20.65,615062.0,12811679.0
2001-04-20,21.0,21.39,20.76,20.75,754975.0,15959542.0
2001-04-23,20.68,21.0,20.85,20.61,442266.0,9190337.0
2001-04-24,20.8,21.0,20.85,20.78,331930.0,6924313.0
2001-04-25,20.85,20.97,20.29,20.0,622600.0,12731014.0
2001-04-26,20.08,20.28,20.1,20.01,481850.0,9695076.0
2001-04-27,20.1,20.38,20.25,20.1,303215.0,6131529.0
2001-04-30,20.25,20.3,20.16,20.11,245511.0,4964411.0
2001-05-08,20.1,20.35,20.32,20.05,145231.0,2937311.0
2001-05-09,20.34,20.39,20.14,20.11,245322.0,4957676.0
2001-05-10,20.14,20.35,20.28,20.14,311689.0,6295362.0
2001-05-11,20.4,20.48,20.3,20.2,235256.0,4772303.0
2001-05-14,20.4,21.05,21.04,20.4,884203.0,18517160.0
2001-05-15,21.1,21.2,21.02,20.85,514640.0,10812320.0
2001-05-16,21.0,21.2,21.2,20.9,616527.0,13008948.0
2001-05-17,21.2,21.35,20.91,20.86,527213.0,11118395.0
2001-05-18,20.7,21.14,21.0,20.7,493181.0,10342137.0
2001-05-21,21.05,21.44,21.35,20.92,737734.0,15689351.0
2001-05-22,21.35,21.4,20.95,20.9,463902.0,9773443.0
2001-05-23,20.93,20.98,20.56,20.37,734477.0,15151081.0
2001-05-24,20.57,20.96,20.75,20.57,314053.0,6516495.0
2001-05-25,20.36,20.66,20.4,20.36,288364.0,5908967.0
2001-05-28,20.49,20.5,20.15,20.14,709577.0,14352123.0
2001-05-29,20.15,20.4,20.37,20.15,431512.0,8737985.0
2001-05-30,20.3,20.7,20.65,20.3,387535.0,7962347.0
2001-05-31,20.75,20.84,20.74,20.66,408779.0,8485372.0
2001-06-01,20.7,20.7,20.65,20.53,376287.0,7753633.0
2001-06-04,20.7,21.08,21.04,20.7,526244.0,11042385.0
2001-06-05,21.1,21.15,20.97,20.9,534350.0,11221102.0
2001-06-06,21.0,21.35,21.2,21.0,827850.0,17523797.0
2001-06-07,21.3,21.3,20.8,20.78,607315.0,12773482.0
2001-06-08,20.8,21.2,21.13,20.76,798920.0,16802783.0
2001-06-11,21.13,21.8,21.6,21.13,1751382.0,37821248.0
2001-06-12,21.62,21.78,21.68,21.45,1054728.0,22857760.0
2001-06-13,21.78,22.11,22.09,21.71,1683479.0,36972796.0
2001-06-14,22.1,22.25,21.4,21.3,1438629.0,31431001.0
2001-06-15,21.4,22.33,22.24,21.21,1697433.0,37028027.0
2001-06-18,22.32,22.45,21.69,21.5,1554493.0,34238930.0
2001-06-19,21.68,21.83,21.62,21.4,718664.0,15541940.0
2001-06-20,21.67,21.85,21.47,21.4,432250.0,9354660.0
2001-06-21,21.47,21.8,21.77,21.45,462596.0,9990627.0
2001-06-22,21.8,21.97,21.72,21.64,393543.0,8566589.0
2001-06-25,21.72,22.1,22.02,21.72,755317.0,16596562.0
2001-06-27,22.03,22.03,21.8,21.71,467389.0,10197303.0
2001-06-28,21.85,22.15,21.73,21.7,444677.0,9728606.0
2001-06-29,21.75,21.81,21.5,21.42,427801.0,9221197.0
2001-07-02,21.5,21.6,21.4,21.31,306190.0,6551086.0
2001-07-03,21.4,21.56,21.56,21.3,256319.0,5479085.0
2001-07-04,21.5,21.6,21.32,21.32,182555.0,3913959.0
2001-07-05,21.32,21.37,21.03,21.0,404349.0,8542391.0
2001-07-06,21.0,21.25,20.88,20.83,303660.0,6371602.0
2001-07-09,20.8,20.93,20.8,20.75,213516.0,4447685.0
2001-07-10,21.0,21.15,21.15,20.91,133272.0,2807922.0
2001-07-11,21.1,21.1,20.78,20.78,186600.0,3897539.0
2001-07-12,20.61,20.79,20.62,20.5,247522.0,5104348.0
2001-07-13,20.75,20.9,20.57,20.55,221819.0,4587333.0
2001-07-16,20.77,20.88,20.35,20.31,250100.0,5131270.0
2001-07-17,20.2,20.75,20.7,20.2,191720.0,3898735.0
2001-07-18,20.7,20.8,20.61,20.5,75041.0,1547236.0
2001-07-19,20.65,20.85,20.8,20.6,114621.0,2367876.0
2001-07-20,20.8,21.0,21.0,20.8,206571.0,4313588.0
2001-07-23,21.18,21.18,20.84,20.8,171220.0,3567794.0
2001-07-24,20.8,20.8,20.4,20.3,235705.0,4824710.0
2001-07-25,20.2,20.42,19.87,19.82,573500.0,11517318.0
2001-07-26,19.87,20.0,19.68,19.63,398845.0,7867857.0
2001-07-27,19.7,19.91,19.5,19.5,232500.0,4567742.0
2001-07-30,19.3,19.4,18.38,18.3,516215.0,9635049.0
2001-07-31,18.28,18.74,17.74,17.5,466139.0,8414710.0
2001-08-01,17.8,18.39,18.39,17.8,373270.0,6775343.0
2001-08-02,18.45,18.5,18.05,17.7,302880.0,5443926.0
2001-08-03,18.05,18.29,18.25,18.0,115089.0,2090668.0
2001-08-06,18.32,18.32,17.44,17.38,461431.0,8121868.0
2001-08-07,17.2,18.06,17.8,17.2,276458.0,4855524.0
2001-08-08,17.6,17.75,17.47,17.33,301400.0,5283154.0
2001-08-09,17.37,17.98,17.86,17.37,252045.0,4453406.0
2001-08-10,17.88,18.25,18.19,17.87,430154.0,7797925.0
2001-08-13,18.24,18.24,18.17,17.81,299195.0,5404791.0
2001-08-14,18.2,18.33,18.02,17.89,261363.0,4725445.0
2001-08-15,18.0,18.1,17.98,17.83,175200.0,3142631.0
2001-08-16,17.98,18.05,17.76,17.75,119300.0,2134833.0
2001-08-17,17.65,17.97,17.78,17.62,87930.0,1564585.0
2001-08-20,17.8,17.94,17.88,17.58,58572.0,1043932.0
2001-08-21,17.8,18.08,17.92,17.78,67150.0,1204784.0
2001-08-22,17.75,17.88,17.59,17.52,220868.0,3895788.0
2001-08-23,17.49,17.61,17.51,17.22,151540.0,2641339.0
2001-08-24,17.59,17.68,17.37,17.35,146920.0,2570659.0
2001-08-27,17.3,17.3,16.4,16.4,405208.0,6756892.0
2001-08-28,16.3,16.5,16.5,16.04,265143.0,4313389.0
2001-08-29,16.8,16.88,16.55,16.38,328898.0,5460898.0
2001-08-30,16.5,16.65,16.55,16.4,123500.0,2038788.0
2001-08-31,16.55,16.68,16.5,16.48,116900.0,1935431.0
2001-09-03,16.5,16.5,16.25,16.22,137601.0,2242500.0
2001-09-04,16.2,16.75,16.69,16.2,163117.0,2709596.0
2001-09-05,16.75,17.3,16.87,16.75,448410.0,7657167.0
2001-09-06,17.05,17.1,16.8,16.7,159128.0,2682585.0
2001-09-07,16.75,16.91,16.28,16.28,242400.0,3999673.0
2001-09-10,16.08,17.05,16.9,15.92,246750.0,4105722.0
2001-09-11,16.9,17.07,16.92,16.78,154880.0,2622502.0
2001-09-12,16.5,16.9,16.7,16.2,319280.0,5305796.0
2001-09-13,16.72,16.93,16.78,16.72,141400.0,2380954.0
2001-09-14,16.8,16.89,16.51,16.5,131610.0,2187207.0
2001-09-17,16.4,16.45,16.09,16.0,368770.0,5948548.0
2001-09-18,16.06,16.78,16.3,16.06,110326.0,1787720.0
2001-09-19,16.25,16.66,16.65,16.2,118880.0,1959084.0
2001-09-20,16.7,16.88,16.61,16.6,150667.0,2523924.0
2001-09-21,16.6,16.6,16.42,16.4,94862.0,1560710.0
2001-09-24,16.4,16.58,16.52,16.4,59160.0,975018.0
2001-09-25,16.5,16.8,16.6,16.5,90470.0,1505548.0
2001-09-26,16.65,16.65,16.35,16.35,57350.0,942289.0
2001-09-27,16.29,16.5,16.32,16.13,96900.0,1578475.0
2001-09-28,16.59,16.6,15.89,15.82,313798.0,5025965.0
2001-10-08,15.92,16.0,14.91,14.8,291946.0,4438786.0
2001-10-09,14.9,15.22,15.15,14.82,145772.0,2200686.0
2001-10-10,15.17,15.17,14.54,14.51,189440.0,2787174.0
2001-10-11,14.55,14.7,13.93,13.85,280873.0,3969989.0
2001-10-12,13.9,14.76,14.6,13.52,552841.0,7797734.0
2001-10-15,14.51,14.65,14.48,14.32,202820.0,2932545.0
2001-10-16,14.6,14.6,14.14,14.03,95569.0,1355566.0
2001-10-17,14.05,14.29,14.01,13.86,86600.0,1212443.0
2001-10-18,14.0,14.19,13.83,13.8,100200.0,1396591.0
2001-10-19,13.81,13.81,13.3,13.1,307139.0,4118842.0
2001-10-22,13.01,13.3,12.82,12.8,236950.0,3094107.0
2001-10-23,14.1,14.1,14.1,13.82,518444.0,7285685.0
2001-10-24,14.81,15.45,15.15,14.46,1325120.0,19909864.0
2001-10-25,14.8,15.15,14.61,14.5,554915.0,8229531.0
2001-10-26,14.51,14.75,14.58,14.3,303324.0,4387725.0
2001-10-29,14.38,14.88,14.82,14.38,139092.0,2046783.0
2001-10-30,14.82,14.95,14.55,14.55,117800.0,1726957.0
2001-10-31,14.5,14.55,14.55,14.29,108098.0,1552621.0
2001-11-01,14.6,14.85,14.73,14.51,112900.0,1660312.0
2001-11-02,14.69,14.9,14.71,14.58,214720.0,3171157.0
2001-11-05,14.6,14.7,14.6,14.44,89100.0,1293650.0
2001-11-06,14.5,14.58,14.38,14.35,73900.0,1067260.0
2001-11-07,14.36,14.36,13.56,13.5,328618.0,4543604.0
2001-11-08,13.15,13.7,13.6,13.0,209335.0,2800704.0
2001-11-09,13.62,13.88,13.75,13.3,129000.0,1760366.0
2001-11-12,13.8,13.85,13.62,13.52,84049.0,1148044.0
2001-11-13,13.1,13.48,13.35,13.1,65000.0,870394.0
2001-11-14,13.35,13.65,13.59,13.31,86636.0,1172132.0
2001-11-15,13.65,13.75,13.6,13.5,64863.0,882077.0
2001-11-16,14.67,14.96,14.01,14.0,626812.0,9080054.0
2001-11-19,14.17,14.48,14.48,14.0,229803.0,3288838.0
2001-11-20,14.6,14.91,14.87,14.5,512467.0,7580859.0
2001-11-21,14.91,15.08,14.89,14.83,476239.0,7111140.0
2001-11-22,14.92,14.98,14.92,14.78,275637.0,4101774.0
2001-11-23,14.81,14.9,14.76,14.71,187536.0,2773848.0
2001-11-26,14.7,14.72,14.57,14.47,187400.0,2727772.0
2001-11-27,14.58,14.9,14.9,14.58,111869.0,1647255.0
2001-11-28,15.3,15.32,15.04,15.0,391069.0,5942963.0
2001-11-29,15.07,15.28,15.07,15.0,293386.0,4442596.0
2001-11-30,15.1,15.31,15.3,15.07,266954.0,4066031.0
2001-12-03,15.31,15.59,15.38,15.31,316109.0,4881795.0
2001-12-04,15.38,15.38,15.33,15.2,206075.0,3144494.0
2001-12-05,15.2,15.42,14.88,14.87,365867.0,5549896.0
2001-12-06,14.8,14.99,14.88,14.68,374721.0,5561273.0
2001-12-07,15.0,15.08,14.99,14.9,164740.0,2469054.0
2001-12-10,14.99,15.15,15.15,14.9,114052.0,1705163.0
2001-12-11,15.15,15.15,15.05,14.9,205875.0,3093666.0
2001-12-12,14.8,14.97,14.85,14.8,90250.0,1340660.0
2001-12-13,14.85,15.0,14.68,14.68,147800.0,2189457.0
2001-12-14,14.65,14.7,14.48,14.45,144384.0,2095986.0
2001-12-17,14.31,14.46,14.19,14.18,153800.0,2195690.0
2001-12-18,14.2,14.55,14.52,14.2,105094.0,1507602.0
2001-12-19,14.54,14.55,14.39,14.37,79700.0,1152099.0
2001-12-20,14.38,14.38,14.05,13.94,164177.0,2310815.0
2001-12-21,14.0,14.2,14.15,14.0,69220.0,975976.0
2001-12-24,14.1,14.1,13.76,13.71,139000.0,1922614.0
2001-12-25,13.7,14.1,13.88,13.7,64656.0,896749.0
2001-12-26,13.92,14.05,14.01,13.77,104135.0,1450300.0
2001-12-27,14.2,14.2,13.97,13.97,130100.0,1826558.0
2001-12-31,14.11,14.48,14.27,14.11,143477.0,2052693.0
2002-01-04,14.32,14.32,13.91,13.86,99183.0,1389793.0
2002-01-07,13.89,13.9,13.9,13.8,74781.0,1035518.0
2002-01-08,13.92,14.1,13.81,13.81,44900.0,625686.0
2002-01-09,13.78,13.94,13.4,13.36,161100.0,2179971.0
2002-01-10,13.5,13.69,13.55,12.9,195910.0,2620068.0
2002-01-11,13.55,13.55,13.11,13.1,118200.0,1571659.0
2002-01-14,12.9,13.05,12.9,12.85,234652.0,3036292.0
2002-01-15,12.8,13.0,12.43,12.41,244500.0,3109360.0
2002-01-16,12.5,12.85,12.61,12.18,199961.0,2493065.0
2002-01-17,12.6,12.6,11.53,11.45,327328.0,3877677.0
2002-01-18,11.4,11.89,11.54,11.1,350949.0,4047099.0
2002-01-21,11.65,11.67,11.0,10.91,273000.0,3046589.0
2002-01-22,10.97,11.7,11.19,10.97,343025.0,3883141.0
2002-01-23,11.1,12.2,12.17,11.1,407579.0,4717801.0
2002-01-24,12.1,12.45,12.24,11.56,571014.0,6940020.0
2002-01-25,12.25,12.45,12.2,12.02,271451.0,3329069.0
2002-01-28,12.57,12.57,11.31,11.3,369400.0,4364337.0
2002-01-29,11.1,11.85,11.66,11.02,242320.0,2799608.0
2002-01-30,11.8,11.85,11.72,11.53,128588.0,1501943.0
2002-01-31,11.75,12.76,12.62,11.75,666921.0,8342290.0
2002-02-01,12.65,12.97,12.65,12.55,586981.0,7504873.0
2002-02-04,12.61,12.85,12.76,12.54,286887.0,3654559.0
2002-02-05,12.76,12.9,12.86,12.7,277584.0,3547679.0
2002-02-06,12.86,12.9,12.55,12.55,280230.0,3575988.0
2002-02-07,12.45,13.25,13.06,12.45,417487.0,5436739.0
2002-02-08,13.1,13.25,12.92,12.92,305947.0,3998774.0
2002-02-25,13.31,13.37,13.05,13.01,219281.0,2880127.0
2002-02-26,13.05,13.09,12.92,12.8,197370.0,2546966.0
2002-02-27,12.92,13.02,12.97,12.85,168892.0,2186783.0
2002-02-28,12.95,13.16,12.86,12.85,157362.0,2043968.0
2002-03-01,12.85,12.85,12.59,12.58,180580.0,2285813.0
2002-03-04,12.5,12.9,12.87,12.4,114848.0,1451284.0
2002-03-05,12.95,13.27,13.14,12.8,279818.0,3660472.0
2002-03-06,13.2,13.45,13.16,13.13,567684.0,7547210.0
2002-03-07,13.17,13.65,13.62,13.16,423053.0,5676502.0
2002-03-08,13.75,14.08,13.95,13.65,931907.0,12936569.0
2002-03-11,13.96,14.05,14.0,13.8,576851.0,8014752.0
2002-03-12,14.05,14.05,13.61,13.55,633128.0,8735775.0
2002-03-13,13.5,13.7,13.41,13.4,372500.0,5039173.0
2002-03-14,13.35,13.92,13.9,13.35,281778.0,3832358.0
2002-03-15,13.95,14.02,13.49,13.45,419350.0,5801829.0
2002-03-18,13.9,13.97,13.46,13.28,323196.0,4371087.0
2002-03-19,13.8,14.3,14.2,13.67,1021357.0,14421159.0
2002-03-20,14.34,14.97,14.6,14.28,2273159.0,33273272.0
2002-03-21,14.71,14.75,14.49,14.35,555224.0,8044419.0
2002-03-22,14.45,14.45,14.35,14.15,479787.0,6854311.0
2002-03-25,14.35,14.56,14.43,14.2,257412.0,3710565.0
2002-03-26,14.48,14.48,14.04,13.94,464950.0,6556014.0
2002-03-27,14.0,14.2,14.2,13.88,299868.0,4206563.0
2002-03-28,14.15,14.3,14.08,14.0,169230.0,2392104.0
2002-03-29,14.01,14.01,13.58,13.46,476466.0,6534589.0
2002-04-01,13.58,13.7,13.66,13.45,221676.0,3003651.0
2002-04-02,13.6,13.69,13.25,13.2,277968.0,3695188.0
2002-04-03,13.21,13.38,13.28,13.18,205210.0,2724159.0
2002-04-04,13.28,13.76,13.73,13.1,231239.0,3115543.0
2002-04-05,13.75,13.86,13.54,13.5,221120.0,3021543.0
2002-04-08,13.45,13.66,13.53,13.45,71300.0,966291.0
2002-04-09,13.8,13.95,13.92,13.6,261620.0,3623775.0
2002-04-10,13.99,14.12,14.01,13.77,235017.0,3285785.0
2002-04-11,14.0,14.01,13.64,13.62,203688.0,2813924.0
2002-04-12,13.64,13.8,13.7,13.63,145000.0,1989138.0
2002-04-15,13.7,13.71,13.55,13.4,165600.0,2242329.0
2002-04-16,13.4,13.81,13.55,13.4,94050.0,1279673.0
2002-04-17,13.5,13.79,13.65,13.5,78700.0,1071435.0
2002-04-18,13.65,13.65,13.49,13.48,94100.0,1275659.0
2002-04-19,13.48,13.61,13.61,13.31,147202.0,1972423.0
2002-04-22,13.62,13.65,13.45,13.45,78500.0,1062709.0
2002-04-23,13.33,13.55,13.37,13.33,73050.0,979156.0
2002-04-24,13.37,13.45,13.28,13.28,119150.0,1589297.0
2002-04-25,13.31,13.49,13.36,13.29,99942.0,1333797.0
2002-04-26,13.48,13.65,13.63,13.4,142405.0,1933246.0
2002-04-29,13.73,13.93,13.88,13.61,263814.0,3648204.0
2002-05-08,13.9,14.0,13.69,13.6,121100.0,1664788.0
2002-05-09,13.61,13.72,13.68,13.56,109175.0,1492327.0
2002-05-10,13.68,13.88,13.63,13.6,132432.0,1819251.0
2002-05-13,13.56,13.56,13.43,13.35,139607.0,1873641.0
2002-05-14,13.43,13.75,13.47,13.4,128000.0,1737631.0
2002-05-15,13.5,13.5,13.38,13.32,117300.0,1570850.0
2002-05-16,13.3,13.35,12.81,12.78,274940.0,3565523.0
2002-05-17,12.81,13.16,12.97,12.8,193625.0,2497469.0
2002-05-20,12.8,12.8,12.65,12.52,121585.0,1537741.0
2002-05-21,12.97,13.39,13.2,12.9,437040.0,5738946.0
2002-05-22,13.2,13.2,12.97,12.92,114130.0,1486139.0
2002-05-23,12.95,13.16,12.98,12.95,107548.0,1401625.0
2002-05-24,12.96,12.98,12.77,12.68,108500.0,1384210.0
2002-05-27,12.91,12.98,12.85,12.7,49000.0,628049.0
2002-05-28,12.97,13.05,12.87,12.85,60953.0,787983.0
2002-05-29,12.73,12.73,12.6,12.55,119553.0,1508100.0
2002-05-30,12.6,12.65,12.49,12.31,163412.0,2041392.0
2002-05-31,12.61,12.61,12.42,12.4,74465.0,927980.0
2002-06-03,12.21,12.25,11.99,11.96,181250.0,2195380.0
2002-06-04,12.2,12.28,11.91,11.8,175799.0,2105407.0
2002-06-05,11.95,12.0,11.73,11.71,83470.0,985947.0
2002-06-06,11.73,12.5,12.37,11.7,395767.0,4817779.0
2002-06-07,12.17,12.52,12.38,12.11,375868.0,4648657.0
2002-06-10,12.33,12.33,12.18,12.13,99820.0,1217638.0
2002-06-11,12.16,12.39,12.39,12.16,64640.0,795162.0
2002-06-12,12.4,12.4,12.28,12.19,60499.0,741605.0
2002-06-13,12.2,12.3,12.14,12.13,69949.0,852948.0
2002-06-14,12.04,12.24,11.97,11.92,71597.0,864839.0
2002-06-17,11.91,12.02,12.0,11.81,52133.0,623482.0
2002-06-18,12.15,12.33,12.28,12.1,120044.0,1470786.0
2002-06-19,12.3,12.3,12.03,12.02,49300.0,598502.0
2002-06-20,12.23,12.24,12.15,12.08,122687.0,1493034.0
2002-06-21,12.18,12.58,12.57,12.18,521959.0,6507596.0
2002-06-24,13.83,13.83,13.83,13.35,1764437.0,24186548.0
2002-06-25,13.9,14.03,13.8,13.66,1323671.0,18425278.0
2002-06-26,13.8,14.17,13.94,13.55,711975.0,9886449.0
2002-06-27,13.94,13.94,13.71,13.66,395000.0,5446171.0
2002-06-28,13.68,13.9,13.48,13.38,662669.0,9008301.0
2002-07-01,13.52,13.7,13.5,13.5,259693.0,3518662.0
2002-07-02,13.5,13.63,13.58,13.41,149570.0,2024781.0
2002-07-03,13.59,13.65,13.61,13.51,144011.0,1958160.0
2002-07-04,13.6,13.65,13.43,13.42,163000.0,2204107.0
2002-07-05,13.46,13.65,13.58,13.44,140408.0,1899734.0
2002-07-08,13.61,13.7,13.68,13.52,158392.0,2138807.0
2002-07-09,13.68,13.7,13.7,13.56,104320.0,1410234.0
2002-07-10,13.7,13.7,13.42,13.4,146543.0,1962171.0
2002-07-11,13.42,13.55,13.34,13.3,151878.0,2020311.0
2002-07-12,13.55,13.55,13.4,13.35,95830.0,1274066.0
2002-07-15,13.4,13.4,13.3,13.23,104000.0,1372103.0
2002-07-16,13.3,13.43,13.2,13.18,101342.0,1335571.0
2002-07-17,13.2,13.35,13.27,12.95,144068.0,1875054.0
2002-07-18,13.29,13.33,13.25,13.2,81400.0,1071537.0
2002-07-19,13.01,13.15,12.98,12.77,669263.0,8571936.0
2002-07-22,12.89,12.89,12.77,12.72,293961.0,3731281.0
2002-07-23,12.76,12.89,12.74,12.71,340200.0,4309522.0
2002-07-24,12.73,12.83,12.6,12.59,305261.0,3838570.0
2002-07-25,12.77,12.77,12.62,12.56,218135.0,2732915.0
2002-07-26,12.74,12.81,12.74,12.65,127764.0,1615513.0
2002-07-29,12.74,12.77,12.76,12.65,115575.0,1457810.0
2002-07-30,12.79,12.84,12.74,12.69,77532.0,980606.0
2002-07-31,12.78,12.78,12.6,12.59,124300.0,1562986.0
2002-08-01,12.59,12.59,12.56,12.48,83746.0,1041464.0
2002-08-02,12.54,12.64,12.59,12.54,80344.0,1002784.0
2002-08-05,12.59,12.69,12.68,12.57,93247.0,1168738.0
2002-08-06,12.68,12.83,12.76,12.66,104418.0,1321445.0
2002-08-07,12.71,12.74,12.72,12.69,47900.0,604550.0
2002-08-08,12.72,12.83,12.63,12.57,77300.0,975064.0
2002-08-09,12.59,12.59,12.38,12.34,182497.0,2251962.0
2002-08-12,12.3,12.38,12.29,12.21,66884.0,817809.0
2002-08-13,12.29,12.42,12.38,12.24,62070.0,761309.0
2002-08-14,12.32,12.46,12.42,12.32,61934.0,761420.0
2002-08-15,12.39,12.44,12.19,12.09,173700.0,2097702.0
2002-08-16,12.18,12.44,12.43,12.1,167336.0,2035162.0
2002-08-20,12.19,12.46,12.41,12.19,249987.0,3067789.0
2002-08-21,12.41,12.51,12.46,12.28,181590.0,2231300.0
2002-08-22,12.37,12.87,12.71,12.37,566724.0,7178187.0
2002-08-23,12.71,12.72,12.65,12.64,134407.0,1692643.0
2002-08-26,12.63,12.74,12.66,12.62,126580.0,1593779.0
2002-08-27,12.63,13.04,12.93,12.62,296952.0,3799433.0
2002-08-28,12.91,12.97,12.82,12.79,117228.0,1501406.0
2002-08-29,12.88,12.88,12.61,12.59,138300.0,1741129.0
2002-08-30,12.69,12.74,12.69,12.59,70318.0,884611.0
2002-09-02,12.69,12.94,12.82,12.69,172539.0,2202212.0
2002-09-03,12.87,12.96,12.92,12.75,250919.0,3208722.0
2002-09-04,12.95,12.97,12.76,12.72,106100.0,1348580.0
2002-09-05,12.75,12.75,12.5,12.49,170175.0,2123689.0
2002-09-06,12.49,12.57,12.44,12.39,96914.0,1199008.0
2002-09-09,12.39,12.54,12.5,12.39,90648.0,1119119.0
2002-09-10,12.51,12.64,12.59,12.39,96439.0,1196893.0
2002-09-11,12.69,13.06,12.98,12.69,1575206.0,20213440.0
2002-09-12,12.98,13.19,13.1,12.84,842274.0,10900114.0
2002-09-13,13.1,13.22,13.15,12.99,715771.0,9329931.0
2002-09-16,13.17,13.17,12.96,12.89,511787.0,6593655.0
2002-09-17,12.95,13.55,13.37,12.94,834168.0,10949198.0
2002-09-18,13.37,13.5,13.23,13.21,796700.0,10578322.0
2002-09-19,13.2,13.54,13.46,13.08,775743.0,10288128.0
2002-09-20,13.45,13.48,13.37,13.28,424955.0,5646410.0
2002-09-23,13.37,13.37,13.31,13.2,254600.0,3350302.0
2002-09-24,13.25,13.38,13.22,13.2,239880.0,3163969.0
2002-09-25,13.1,13.25,12.91,12.89,419168.0,5438313.0
2002-09-26,12.91,13.08,12.91,12.83,304811.0,3916443.0
2002-09-27,12.91,12.97,12.63,12.6,328766.0,4163669.0
2002-10-08,12.49,12.79,12.77,12.39,169166.0,2116783.0
2002-10-09,12.67,12.77,12.52,12.45,162470.0,2027710.0
2002-10-10,12.49,12.74,12.58,12.49,133078.0,1669669.0
2002-10-11,12.59,12.77,12.5,12.49,151340.0,1899703.0
2002-10-14,12.44,12.55,12.38,12.12,161875.0,1980189.0
2002-10-15,12.29,12.49,12.38,12.29,88515.0,1088746.0
2002-10-16,12.39,12.69,12.46,12.38,127599.0,1590132.0
2002-10-17,12.46,12.52,12.24,12.24,116860.0,1432122.0
2002-10-18,12.24,12.44,12.41,12.19,102158.0,1246940.0
2002-10-21,12.19,12.42,12.41,12.17,81949.0,999685.0
2002-10-22,12.41,12.68,12.65,12.41,200504.0,2502326.0
2002-10-23,12.59,12.67,12.61,12.51,92929.0,1159449.0
2002-10-24,12.59,12.59,12.47,12.39,127968.0,1583387.0
2002-10-25,12.49,12.49,12.29,12.24,138150.0,1697749.0
2002-10-28,12.19,12.34,12.19,12.19,159559.0,1934622.0
2002-10-29,12.48,12.48,12.18,11.69,347054.0,4138637.0
2002-10-30,12.13,12.13,11.95,11.84,124747.0,1479698.0
2002-10-31,12.19,12.33,12.14,12.09,182400.0,2217422.0
2002-11-01,12.12,12.12,12.09,11.95,93658.0,1117576.0
2002-11-04,12.29,12.37,12.34,12.11,121440.0,1479535.0
2002-11-05,12.32,12.69,12.65,12.32,290738.0,3639292.0
2002-11-06,12.64,12.74,12.64,12.5,112334.0,1405943.0
2002-11-07,12.59,12.66,12.49,12.45,110599.0,1375087.0
2002-11-08,12.59,12.66,12.49,12.22,312287.0,3837151.0
2002-11-11,12.38,12.38,12.32,12.25,140260.0,1714525.0
2002-11-12,12.29,12.37,12.09,12.01,218952.0,2633807.0
2002-11-13,12.01,12.07,12.04,11.71,114700.0,1354519.0
2002-11-14,12.09,12.09,11.79,11.74,89100.0,1056556.0
2002-11-15,11.79,12.05,11.88,11.69,134700.0,1589408.0
2002-11-18,11.94,11.99,11.96,11.79,108000.0,1277840.0
2002-11-19,11.95,12.08,12.0,11.79,98737.0,1166859.0
2002-11-20,11.8,11.99,11.49,11.49,191550.0,2216536.0
2002-11-21,11.38,11.49,11.11,11.11,218822.0,2438375.0
2002-11-22,11.11,11.31,11.16,11.01,136610.0,1515723.0
2002-11-25,11.16,11.43,11.2,11.08,54144.0,603017.0
2002-11-26,11.13,11.35,10.86,10.83,78900.0,868545.0
2002-11-27,10.82,10.91,10.81,10.58,152642.0,1624908.0
2002-11-28,10.87,11.25,11.2,10.68,131177.0,1426639.0
2002-11-29,11.28,11.59,11.32,11.03,312074.0,3528643.0
2002-12-02,11.38,11.4,10.88,10.88,133400.0,1472034.0
2002-12-03,10.88,11.08,11.04,10.83,108580.0,1187359.0
2002-12-04,11.25,11.43,11.15,11.08,139132.0,1557658.0
2002-12-05,11.13,11.16,11.08,10.99,59150.0,649950.0
2002-12-06,11.09,11.23,11.11,11.08,107700.0,1189751.0
2002-12-09,11.09,11.22,11.08,11.0,43420.0,477812.0
2002-12-10,11.16,11.16,10.88,10.88,73900.0,802939.0
2002-12-11,10.88,10.88,10.83,10.75,66900.0,718078.0
2002-12-12,10.88,11.06,10.88,10.78,105629.0,1150487.0
2002-12-13,10.69,11.15,10.97,10.69,110152.0,1193077.0
2002-12-16,11.28,11.28,11.13,10.89,73970.0,818424.0
2002-12-17,11.14,11.25,11.17,10.99,83770.0,926787.0
2002-12-18,11.11,11.26,11.16,11.11,74300.0,826360.0
2002-12-19,11.05,11.27,11.17,11.05,44019.0,485661.0
2002-12-20,11.09,11.4,11.33,11.09,132282.0,1481147.0
2002-12-23,11.28,11.4,11.24,11.21,101200.0,1139345.0
2002-12-24,11.21,11.24,11.22,11.16,63205.0,702210.0
2002-12-25,11.23,11.27,11.13,11.13,82750.0,917928.0
2002-12-26,11.0,11.15,10.83,10.78,82800.0,897853.0
2002-12-27,11.18,11.18,10.84,10.61,101520.0,1090454.0
2002-12-30,10.78,10.78,10.6,10.59,90899.0,963790.0
2002-12-31,10.61,10.68,10.38,10.38,123800.0,1288557.0
2003-01-02,10.36,10.36,10.03,9.99,150100.0,1512504.0
2003-01-03,9.97,10.11,10.06,9.97,111371.0,1110649.0
2003-01-06,10.03,10.17,10.17,9.97,150700.0,1507326.0
2003-01-07,10.22,10.35,10.14,10.09,131840.0,1341176.0
2003-01-08,10.07,10.49,10.42,10.07,121903.0,1241398.0
2003-01-09,10.37,10.68,10.66,10.37,258197.0,2698423.0
2003-01-10,10.67,10.76,10.53,10.51,231529.0,2441645.0
2003-01-13,10.48,10.54,10.5,10.38,125211.0,1302512.0
2003-01-14,10.53,11.08,11.03,10.48,435259.0,4709956.0
2003-01-15,11.03,11.36,11.06,10.94,549912.0,6115603.0
2003-01-16,11.18,11.34,11.31,11.01,337382.0,3760478.0
2003-01-17,11.38,11.38,11.16,11.15,293100.0,3275935.0
2003-01-20,11.17,11.18,11.15,10.98,199222.0,2194608.0
2003-01-21,11.15,11.32,11.22,11.09,433780.0,4835060.0
2003-01-22,11.22,11.65,11.54,11.19,658889.0,7462584.0
2003-01-23,11.56,11.84,11.56,11.54,1087300.0,12619705.0
2003-01-24,11.47,11.6,11.59,11.38,323083.0,3684944.0
2003-01-27,11.68,11.68,11.62,11.51,276840.0,3188582.0
2003-01-28,11.62,11.63,11.6,11.49,186098.0,2137492.0
2003-01-29,11.59,11.64,11.55,11.53,172821.0,1986180.0
2003-02-10,11.33,11.53,11.29,11.28,135950.0,1528731.0
2003-02-11,11.27,11.41,11.41,11.27,101599.0,1144264.0
2003-02-12,11.41,11.61,11.59,11.33,121322.0,1379026.0
2003-02-13,11.59,11.68,11.54,11.52,172600.0,1987366.0
2003-02-14,11.51,11.66,11.57,11.46,95779.0,1096802.0
2003-02-17,11.38,11.59,11.43,11.38,125650.0,1430380.0
2003-02-18,11.44,11.47,11.37,11.28,101700.0,1146834.0
2003-02-19,11.38,11.43,11.43,11.3,91037.0,1025571.0
2003-02-20,11.41,11.47,11.34,11.28,177500.0,2006013.0
2003-02-21,11.26,11.33,11.1,11.1,177299.0,1969936.0
2003-02-24,11.1,11.25,11.14,11.1,118400.0,1315111.0
2003-02-25,11.18,11.46,11.42,11.18,122740.0,1384089.0
2003-02-26,11.42,11.42,11.42,11.36,83725.0,946545.0
2003-02-27,11.42,11.49,11.47,11.4,142960.0,1624306.0
2003-02-28,11.44,11.44,11.38,11.27,118898.0,1337984.0
2003-03-03,11.37,11.55,11.52,11.33,192076.0,2185663.0
2003-03-04,11.57,11.66,11.63,11.48,275428.0,3169188.0
2003-03-05,11.59,11.6,11.48,11.43,116100.0,1323132.0
2003-03-06,11.47,11.5,11.26,11.23,102550.0,1154081.0
2003-03-07,11.26,11.29,11.21,11.18,83400.0,930578.0
2003-03-10,11.21,11.28,10.93,10.93,151000.0,1660889.0
2003-03-11,10.95,10.95,10.91,10.82,140207.0,1513151.0
2003-03-12,10.88,10.98,10.88,10.7,91900.0,987397.0
2003-03-13,10.84,10.96,10.82,10.82,68300.0,737281.0
2003-03-14,10.83,10.88,10.79,10.78,72814.0,782468.0
2003-03-17,10.79,10.79,10.67,10.59,101019.0,1067498.0
2003-03-18,10.67,10.82,10.64,10.64,73080.0,777781.0
2003-03-19,10.64,10.71,10.7,10.61,54000.0,571267.0
2003-03-20,10.8,11.04,10.73,10.68,95400.0,1026253.0
2003-03-21,10.68,10.82,10.82,10.68,55780.0,596023.0
2003-03-24,10.82,10.88,10.85,10.78,44000.0,471631.0
2003-03-25,10.79,10.81,10.7,10.68,63750.0,679069.0
2003-03-26,10.69,10.69,10.54,10.53,84200.0,882903.0
2003-03-27,10.56,10.88,10.78,10.39,111509.0,1173018.0
2003-03-28,10.78,10.88,10.7,10.68,94100.0,1007205.0
2003-03-31,10.68,10.81,10.8,10.66,96650.0,1029019.0
2003-04-01,10.78,10.93,10.93,10.78,169000.0,1819671.0
2003-04-02,10.92,10.93,10.85,10.83,100700.0,1087961.0
2003-04-03,10.86,10.87,10.73,10.68,235700.0,2509581.0
2003-04-04,10.58,10.81,10.75,10.58,138800.0,1479158.0
2003-04-07,10.68,10.75,10.58,10.57,122245.0,1289480.0
2003-04-08,10.58,10.67,10.49,10.48,136800.0,1431131.0
2003-04-09,10.38,10.67,10.62,10.38,209420.0,2169765.0
2003-04-10,10.62,10.83,10.81,10.45,939981.0,9957163.0
2003-04-11,10.8,10.91,10.88,10.68,347219.0,3720162.0
2003-04-14,10.88,11.16,11.13,10.87,594168.0,6510846.0
2003-04-15,11.13,11.46,11.32,11.08,490468.0,5485306.0
2003-04-16,11.32,11.37,10.92,10.9,570483.0,6306925.0
2003-04-17,10.9,11.18,11.1,10.88,333827.0,3656435.0
2003-04-18,11.23,11.53,11.21,11.08,443116.0,4979526.0
2003-04-21,11.33,11.47,11.37,11.09,606008.0,6810803.0
2003-04-22,11.33,11.38,11.15,11.08,200713.0,2228986.0
2003-04-23,11.08,11.18,10.92,10.89,232950.0,2541344.0
2003-04-24,10.93,11.13,10.75,10.73,455821.0,4940128.0
2003-04-25,11.06,11.06,10.48,10.4,370534.0,3905192.0
2003-04-28,10.48,11.23,11.08,10.48,913600.0,9904557.0
2003-04-29,10.09,10.98,10.53,9.97,486437.0,5115923.0
2003-04-30,10.53,10.67,10.17,10.09,417613.0,4254794.0
2003-05-12,10.07,10.34,10.07,10.07,386278.0,3893376.0
2003-05-13,10.07,10.15,9.31,9.22,606681.0,5716868.0
2003-05-14,9.17,9.57,9.57,9.08,583567.0,5405381.0
2003-05-15,9.55,10.53,10.53,9.32,1183893.0,11953272.0
2003-05-16,10.65,10.76,10.65,10.45,1653842.0,17438128.0
2003-05-19,10.68,10.73,10.56,10.48,376576.0,3950973.0
2003-05-20,10.63,10.63,10.22,10.21,317500.0,3253688.0
2003-05-21,10.22,10.43,10.18,10.17,166152.0,1695315.0
2003-05-22,10.18,10.31,10.24,10.1,141550.0,1433178.0
2003-05-23,10.28,10.49,10.37,10.24,311544.0,3200570.0
2003-05-26,10.38,10.48,10.36,10.29,168500.0,1730498.0
2003-05-27,10.36,10.53,10.31,10.14,256817.0,2638584.0
2003-05-28,10.36,10.46,10.21,10.19,232182.0,2369948.0
2003-05-29,10.16,10.44,10.43,10.1,336391.0,3446790.0
2003-06-02,10.46,10.46,10.44,10.27,234443.0,2413552.0
2003-06-03,10.48,10.48,10.28,10.26,174000.0,1788688.0
2003-06-04,10.28,10.28,10.22,10.16,205352.0,2078838.0
2003-06-05,10.22,10.27,10.1,10.07,157096.0,1582928.0
2003-06-06,10.19,10.19,10.05,10.03,165500.0,1659715.0
2003-06-09,10.05,10.08,9.89,9.88,128400.0,1272539.0
2003-06-10,9.87,9.97,9.93,9.78,114101.0,1119529.0
2003-06-11,9.93,10.09,10.06,9.85,96780.0,963678.0
2003-06-12,10.06,10.07,10.03,9.97,83539.0,832318.0
2003-06-13,10.05,10.32,10.21,10.05,146346.0,1482580.0
2003-06-16,10.17,10.28,10.06,10.06,92400.0,929358.0
2003-06-17,10.06,10.07,10.04,9.97,105910.0,1053380.0
2003-06-18,10.01,10.08,9.98,9.93,89099.0,886441.0
2003-06-19,9.98,9.98,9.89,9.84,117238.0,1151075.0
2003-06-20,9.9,9.95,9.82,9.8,130600.0,1280493.0
2003-06-23,9.8,9.93,9.87,9.8,113500.0,1109864.0
2003-06-24,9.87,9.87,9.81,9.67,165600.0,1609388.0
2003-06-25,9.89,9.89,9.71,9.71,57100.0,552232.0
2003-06-26,9.59,9.84,9.71,9.55,121140.0,1160522.0
2003-06-27,9.71,9.92,9.78,9.62,113600.0,1098880.0
2003-06-30,9.67,9.79,9.77,9.6,80721.0,777316.0
2003-07-01,9.77,9.8,9.67,9.62,55800.0,538524.0
2003-07-02,9.72,9.82,9.77,9.57,105080.0,1004660.0
2003-07-03,9.78,9.87,9.78,9.68,75021.0,727890.0
2003-07-04,9.77,9.98,9.87,9.77,78700.0,765528.0
2003-07-07,9.79,9.91,9.75,9.72,49500.0,481560.0
2003-07-08,9.68,10.04,9.83,9.68,74680.0,731132.0
2003-07-09,9.84,9.84,9.69,9.64,111700.0,1075662.0
2003-07-10,9.6,9.84,9.8,9.6,206769.0,1999955.0
2003-07-11,9.82,9.82,9.69,9.63,110989.0,1067935.0
2003-07-14,8.96,9.74,9.46,8.96,252600.0,2378367.0
2003-07-15,9.37,9.62,9.52,9.37,239451.0,2256593.0
2003-07-16,9.42,9.56,9.43,9.4,98697.0,923890.0
2003-07-17,9.4,9.43,9.25,9.14,362944.0,3338260.0
2003-07-18,9.27,9.27,9.13,9.12,156100.0,1423330.0
2003-07-21,9.08,9.17,9.09,9.07,140269.0,1265992.0
2003-07-22,9.17,9.17,9.12,9.07,99554.0,899225.0
2003-07-23,9.07,9.27,9.22,9.07,84825.0,770752.0
2003-07-24,9.12,9.22,9.15,9.12,32300.0,293838.0
2003-07-25,9.21,9.27,9.09,9.05,127199.0,1153360.0
2003-07-28,9.09,9.09,8.98,8.96,95450.0,852272.0
2003-07-29,8.97,9.06,8.97,8.97,67400.0,601999.0
2003-07-30,9.1,9.11,9.02,8.97,81140.0,723910.0
2003-07-31,9.05,9.11,9.08,9.03,99610.0,897022.0
2003-08-01,9.03,9.07,9.01,8.89,79500.0,706515.0
2003-08-04,9.07,9.19,9.18,8.98,106551.0,961824.0
2003-08-05,9.17,9.17,9.16,9.1,54259.0,491917.0
2003-08-06,9.17,9.17,9.1,9.03,58740.0,528833.0
2003-08-07,9.05,9.11,9.1,9.05,47682.0,429104.0
2003-08-08,9.09,9.09,9.0,8.98,45577.0,407306.0
2003-08-11,8.95,9.06,9.05,8.94,41061.0,367336.0
2003-08-12,9.05,9.22,9.21,9.05,80330.0,730045.0
2003-08-13,9.21,9.21,9.12,9.08,35701.0,322873.0
2003-08-14,9.12,9.37,9.08,9.06,124800.0,1136587.0
2003-08-15,9.26,9.26,9.09,9.07,54262.0,490366.0
2003-08-18,9.09,9.2,9.17,9.07,57712.0,523537.0
2003-08-19,9.12,9.22,9.17,9.12,95812.0,873429.0
2003-08-20,9.17,9.31,9.3,9.17,211414.0,1941355.0
2003-08-21,9.34,9.34,9.27,9.2,133245.0,1222916.0
2003-08-22,9.27,9.28,9.19,9.18,78901.0,722053.0
2003-08-25,9.15,9.17,8.98,8.96,91300.0,816822.0
2003-08-26,8.76,9.07,8.88,8.76,83450.0,738405.0
2003-08-27,8.89,8.95,8.89,8.86,53627.0,473011.0
2003-08-28,8.95,8.96,8.87,8.87,91410.0,807652.0
2003-08-29,8.85,8.85,8.78,8.71,83180.0,724092.0
2003-09-01,8.78,8.99,8.97,8.74,87839.0,773863.0
2003-09-02,8.97,9.22,9.09,8.97,127021.0,1147620.0
2003-09-03,9.1,9.12,9.11,8.87,82358.0,738234.0
2003-09-04,9.07,9.21,9.09,9.04,104700.0,947353.0
2003-09-05,9.07,9.09,8.97,8.87,42100.0,374538.0
2003-09-08,8.88,8.96,8.88,8.87,40000.0,353045.0
2003-09-09,8.88,9.01,8.91,8.87,35450.0,313251.0
2003-09-10,8.93,9.0,8.91,8.89,56200.0,498926.0
2003-09-11,8.91,8.98,8.85,8.84,66200.0,582773.0
2003-09-12,8.87,8.87,8.78,8.77,63100.0,552485.0
2003-09-15,8.71,8.78,8.56,8.56,56200.0,485707.0
2003-09-16,8.56,8.66,8.64,8.55,70975.0,605242.0
2003-09-17,8.58,8.61,8.42,8.36,71000.0,598030.0
2003-09-18,8.42,8.54,8.41,8.41,51200.0,428884.0
2003-09-19,8.41,8.43,8.42,8.38,49050.0,409216.0
2003-09-22,8.42,8.52,8.37,8.36,56500.0,471937.0
2003-09-23,8.36,8.46,8.46,8.35,60215.0,501501.0
2003-09-24,8.51,8.59,8.58,8.42,80589.0,679230.0
2003-09-25,8.6,8.6,8.38,8.37,38900.0,325748.0
2003-09-26,8.38,8.44,8.36,8.26,64800.0,535629.0
2003-09-29,8.37,8.37,8.16,8.16,88700.0,723450.0
2003-09-30,8.34,8.34,8.23,8.18,42230.0,344715.0
2003-10-08,8.24,8.24,8.11,8.06,57700.0,465094.0
2003-10-09,8.11,8.22,8.11,8.11,32716.0,264376.0
2003-10-10,8.12,8.37,8.34,8.12,77849.0,639587.0
2003-10-13,8.34,8.36,8.27,8.26,66050.0,544328.0
2003-10-14,8.21,8.3,8.18,8.16,48850.0,397556.0
2003-10-15,8.21,8.35,8.24,8.19,108300.0,890067.0
2003-10-16,8.34,8.36,8.21,8.08,80100.0,656260.0
2003-10-17,8.22,8.27,8.24,8.17,54001.0,440369.0
2003-10-20,8.27,8.27,8.23,8.08,42715.0,345226.0
2003-10-21,8.22,8.39,8.34,8.12,180624.0,1486034.0
2003-10-22,8.44,8.66,8.64,8.37,644501.0,5450464.0
2003-10-23,8.57,8.66,8.53,8.49,251804.0,2138249.0
2003-10-24,8.54,8.54,8.44,8.42,83200.0,699990.0
2003-10-27,8.34,8.42,8.24,8.14,93630.0,768143.0
2003-10-28,8.14,8.3,8.06,7.97,117904.0,949854.0
2003-10-29,8.14,8.14,7.8,7.69,166770.0,1288587.0
2003-10-30,7.79,7.8,7.7,7.59,104400.0,796825.0
2003-10-31,7.7,7.94,7.77,7.7,109900.0,849761.0
2003-11-03,7.7,7.79,7.76,7.61,84575.0,646775.0
2003-11-04,7.81,8.11,7.89,7.73,187163.0,1467555.0
2003-11-05,7.89,7.94,7.67,7.64,72200.0,557447.0
2003-11-06,7.65,7.7,7.25,7.16,177034.0,1285978.0
2003-11-07,7.25,7.3,7.21,7.02,233911.0,1657270.0
2003-11-10,7.1,7.19,7.07,7.03,78900.0,554232.0
2003-11-11,7.07,7.15,7.15,6.99,115661.0,812944.0
2003-11-12,7.16,7.16,7.04,7.03,81800.0,574917.0
2003-11-13,6.98,7.16,7.09,6.95,118600.0,833316.0
2003-11-14,7.13,7.23,7.22,7.07,65880.0,467699.0
2003-11-17,7.22,7.22,7.14,7.11,65748.0,466456.0
2003-11-18,7.15,7.25,7.15,7.09,111100.0,792918.0
2003-11-19,7.1,7.4,7.3,7.1,118583.0,859462.0
2003-11-20,7.27,7.81,7.78,7.27,528964.0,4019589.0
2003-11-21,7.79,7.88,7.47,7.46,371011.0,2822119.0
2003-11-24,7.54,7.84,7.75,7.54,259551.0,1994695.0
2003-11-25,7.84,8.04,7.88,7.76,537807.0,4210753.0
2003-11-26,7.8,7.94,7.93,7.77,236570.0,1842203.0
2003-11-27,7.94,7.94,7.72,7.66,324034.0,2494089.0
2003-11-28,7.7,7.8,7.77,7.67,160969.0,1233062.0
2003-12-01,7.77,7.96,7.93,7.76,277600.0,2168453.0
2003-12-02,8.01,8.03,7.92,7.91,341663.0,2703762.0
2003-12-03,7.96,8.11,7.97,7.78,406912.0,3221907.0
2003-12-04,7.96,7.99,7.86,7.77,236199.0,1846090.0
2003-12-05,7.86,8.02,7.94,7.84,141700.0,1107698.0
2003-12-08,7.94,8.07,7.86,7.85,270881.0,2138499.0
2003-12-09,7.84,7.86,7.76,7.66,193720.0,1486405.0
2003-12-10,7.82,8.19,8.17,7.74,835607.0,6684250.0
2003-12-11,8.17,8.21,8.09,8.04,339603.0,2728482.0
2003-12-12,8.02,8.17,8.02,7.97,132500.0,1056015.0
2003-12-15,8.06,8.19,8.19,7.95,397159.0,3168966.0
2003-12-16,8.16,8.16,7.99,7.91,274880.0,2172463.0
2003-12-17,7.96,8.18,7.87,7.87,232313.0,1854505.0
2003-12-18,7.84,7.91,7.55,7.25,297200.0,2264000.0
2003-12-19,7.54,7.64,7.2,7.05,403258.0,2909437.0
2003-12-22,7.15,7.54,7.41,7.1,293924.0,2124650.0
2003-12-24,7.46,7.51,7.4,7.33,232000.0,1710069.0
2003-12-25,7.39,7.5,7.37,7.33,241346.0,1771726.0
2003-12-26,7.37,7.5,7.43,7.33,187400.0,1381079.0
2003-12-29,7.54,7.54,7.46,7.41,186701.0,1381100.0
2003-12-30,7.45,7.45,7.35,7.35,159065.0,1168008.0
2003-12-31,7.35,7.45,7.18,7.14,329499.0,2376121.0
2004-01-02,7.18,7.45,7.33,7.18,161100.0,1176123.0
2004-01-05,7.35,7.55,7.54,7.31,414833.0,3054398.0
2004-01-06,7.58,7.62,7.37,7.28,360253.0,2656935.0
2004-01-07,7.37,7.5,7.46,7.31,396460.0,2927078.0
2004-01-08,7.43,7.84,7.79,7.43,613723.0,4684321.0
2004-01-09,7.78,7.86,7.64,7.58,427129.0,3282827.0
2004-01-12,7.61,7.69,7.6,7.53,244758.0,1839720.0
2004-01-13,7.58,7.84,7.79,7.58,412432.0,3170234.0
2004-01-14,7.83,8.08,7.93,7.83,828831.0,6567021.0
2004-01-15,7.93,8.0,7.86,7.86,302486.0,2373237.0
2004-01-16,7.94,8.14,8.12,7.86,683215.0,5469194.0
2004-01-29,8.21,8.4,8.31,8.16,426326.0,3509179.0
2004-01-30,8.35,8.51,8.18,8.16,535500.0,4422576.0
2004-02-02,8.19,8.44,8.36,8.05,696651.0,5732135.0
2004-02-03,8.36,8.58,8.54,8.28,517208.0,4354011.0
2004-02-04,8.56,8.73,8.59,8.41,504454.0,4296615.0
2004-02-05,8.59,8.67,8.61,8.45,854378.0,7239084.0
2004-02-06,8.61,8.61,8.41,8.39,634000.0,5359708.0
2004-02-09,8.41,8.58,8.58,8.3,345363.0,2909793.0
2004-02-10,8.61,8.8,8.69,8.55,685762.0,5903338.0
2004-02-11,8.71,8.76,8.65,8.61,468450.0,4028373.0
2004-02-12,8.71,8.86,8.82,8.65,483443.0,4216418.0
2004-02-13,8.82,9.04,8.66,8.66,705825.0,6209228.0
2004-02-16,8.7,8.96,8.94,8.66,445296.0,3909025.0
2004-02-17,8.95,9.37,9.23,8.95,1218214.0,11133101.0
2004-02-18,9.23,9.3,9.22,9.15,636116.0,5821073.0
2004-02-19,9.22,9.32,9.21,9.13,715762.0,6535189.0
2004-02-20,9.25,9.39,9.39,9.18,717172.0,6628808.0
2004-02-23,9.41,9.53,8.94,8.76,586414.0,5430021.0
2004-02-24,9.02,9.07,8.98,8.82,848826.0,7533104.0
2004-02-25,8.99,9.14,8.75,8.66,621028.0,5471152.0
2004-02-26,8.66,8.71,8.58,8.47,478045.0,4062566.0
2004-02-27,8.6,8.7,8.69,8.52,272316.0,2328940.0
2004-03-01,8.62,8.76,8.74,8.56,281599.0,2421290.0
2004-03-02,8.71,8.8,8.75,8.66,297407.0,2574823.0
2004-03-03,8.71,8.77,8.49,8.47,253854.0,2172355.0
2004-03-04,8.44,8.54,8.5,8.34,336777.0,2814658.0
2004-03-05,8.5,8.56,8.5,8.46,211031.0,1785345.0
2004-03-08,8.51,8.56,8.27,8.26,216287.0,1800187.0
2004-03-09,8.31,8.35,8.22,8.22,236700.0,1944427.0
2004-03-10,8.26,8.44,8.43,8.22,282036.0,2328911.0
2004-03-11,8.44,8.54,8.5,8.39,217772.0,1831133.0
2004-03-12,8.52,8.54,8.4,8.36,247300.0,2064433.0
2004-03-15,8.39,8.6,8.56,8.38,275836.0,2328987.0
2004-03-16,8.57,8.62,8.57,8.46,281924.0,2395656.0
2004-03-17,8.59,8.7,8.7,8.56,306541.0,2625113.0
2004-03-18,8.73,8.73,8.49,8.48,261332.0,2232791.0
2004-03-19,8.47,8.62,8.61,8.47,241377.0,2043877.0
2004-03-22,8.61,8.73,8.69,8.57,348890.0,2999865.0
2004-03-23,8.82,9.05,8.95,8.68,937767.0,8292232.0
2004-03-24,8.95,8.97,8.81,8.79,357888.0,3151319.0
2004-03-25,8.82,8.87,8.77,8.71,337444.0,2941607.0
2004-03-26,8.77,9.02,8.9,8.77,432950.0,3821388.0
2004-03-29,9.01,9.01,8.75,8.74,333894.0,2930778.0
2004-03-30,8.75,8.85,8.82,8.68,267900.0,2329400.0
2004-03-31,8.82,9.15,9.03,8.82,707494.0,6351241.0
2004-04-01,9.03,9.09,9.02,8.95,301887.0,2705755.0
2004-04-02,9.06,9.25,9.23,8.95,695826.0,6316593.0
2004-04-05,9.24,9.41,9.35,9.22,851762.0,7882368.0
2004-04-06,9.35,10.05,10.01,9.33,1726143.0,16498910.0
2004-04-07,9.97,10.04,9.88,9.78,2806162.0,27655761.0
2004-04-08,9.87,9.87,9.75,9.72,876474.0,8504810.0
2004-04-09,9.73,9.89,9.38,9.26,897830.0,8606736.0
2004-04-12,9.27,9.92,9.85,9.25,1159805.0,11078274.0
2004-04-13,9.87,9.97,9.75,9.74,1350713.0,13232269.0
2004-04-14,9.73,9.77,9.52,9.42,740960.0,7032667.0
2004-04-15,9.53,9.82,9.76,9.53,984346.0,9496655.0
2004-04-16,9.72,9.79,9.62,9.25,1135056.0,10800346.0
2004-04-19,9.57,9.64,9.38,9.36,420618.0,3944358.0
2004-04-20,9.27,9.47,9.32,9.27,320236.0,2976111.0
2004-04-21,9.32,9.72,9.66,9.27,624262.0,5870344.0
2004-04-22,9.66,9.66,9.56,9.52,681500.0,6479014.0
2004-04-23,9.62,9.86,9.54,9.53,803120.0,7762218.0
2004-04-26,9.52,9.52,8.98,8.87,623060.0,5620731.0
2004-04-27,8.95,9.17,8.78,8.65,377690.0,3334745.0
2004-04-28,8.78,9.0,8.76,8.63,338800.0,2941172.0
2004-04-29,8.81,8.91,8.69,8.67,231400.0,2016022.0
2004-04-30,8.72,8.87,8.7,8.65,209939.0,1822683.0
2004-05-10,8.84,8.85,8.39,8.36,195200.0,1652091.0
2004-05-11,8.41,8.51,8.43,8.36,125700.0,1050803.0
2004-05-12,8.42,8.71,8.71,8.37,145100.0,1235841.0
2004-05-13,8.72,8.72,8.7,8.56,123580.0,1059514.0
2004-05-14,8.61,8.64,8.48,8.44,108700.0,919714.0
2004-05-17,8.37,8.46,8.4,8.32,76400.0,636895.0
2004-05-18,8.54,8.66,8.66,8.41,91200.0,771745.0
2004-05-19,8.67,8.79,8.68,8.57,149100.0,1291279.0
2004-05-20,8.66,8.71,8.46,8.44,113805.0,968324.0
2004-05-21,8.56,8.56,8.55,8.45,59306.0,500353.0
2004-05-24,8.55,8.67,8.46,8.46,71400.0,605479.0
2004-05-25,8.53,8.53,8.15,8.11,152150.0,1248070.0
2004-05-26,8.11,8.24,8.1,8.06,109500.0,882822.0
2004-05-27,8.1,8.31,8.29,8.06,97500.0,794215.0
2004-05-31,8.29,8.29,8.16,8.07,114980.0,930494.0
2004-06-01,8.18,8.46,8.46,8.18,155259.0,1282809.0
2004-06-02,8.46,8.64,8.58,8.44,279599.0,2368142.0
2004-06-03,8.56,8.57,8.46,8.36,219951.0,1847106.0
2004-06-04,8.57,8.67,8.62,8.5,345368.0,2957243.0
2004-06-07,8.57,8.7,8.48,8.44,92980.0,785937.0
2004-06-08,8.46,8.46,8.29,8.24,128800.0,1065731.0
2004-06-09,8.26,8.27,8.02,8.01,170700.0,1384197.0
2004-06-10,8.02,8.05,7.84,7.84,157300.0,1238315.0
2004-06-11,7.86,8.16,7.91,7.86,143520.0,1137361.0
2004-06-14,7.86,7.86,7.6,7.55,122065.0,926914.0
2004-06-15,7.58,7.78,7.75,7.54,91113.0,688754.0
2004-06-16,7.75,7.85,7.76,7.58,120058.0,918848.0
2004-06-17,7.74,7.74,7.55,7.55,64720.0,489568.0
2004-06-18,7.57,7.61,7.6,7.45,85892.0,642752.0
2004-06-21,7.8,7.81,7.76,7.55,77260.0,588769.0
2004-06-22,7.78,7.93,7.92,7.71,148112.0,1152747.0
2004-06-23,7.99,8.02,7.93,7.89,180162.0,1417652.0
2004-06-24,7.91,8.0,7.99,7.91,161491.0,1277078.0
2004-06-25,8.0,8.0,7.6,7.53,135300.0,1036559.0
2004-06-28,7.54,7.54,7.38,7.36,112450.0,826807.0
2004-06-29,7.36,7.54,7.43,7.28,118700.0,868802.0
2004-06-30,7.35,7.41,7.37,7.31,56400.0,411949.0
2004-07-01,7.32,7.54,7.54,7.32,97000.0,719711.0
2004-07-02,7.51,7.55,7.46,7.43,74994.0,555585.0
2004-07-05,7.45,7.45,7.37,7.33,68464.0,500384.0
2004-07-06,7.38,7.47,7.44,7.38,76380.0,564177.0
2004-07-07,7.37,7.38,7.35,7.33,55200.0,403353.0
2004-07-08,7.35,7.41,7.31,7.3,104300.0,759095.0
2004-07-09,7.31,7.39,7.18,7.15,109811.0,789353.0
2004-07-12,7.05,7.07,6.95,6.95,106600.0,742354.0
2004-07-13,6.91,7.0,6.95,6.9,112795.0,777771.0
2004-07-14,6.95,6.96,6.61,6.5,272650.0,1805939.0
2004-07-15,6.63,6.75,6.57,6.55,136045.0,899594.0
2004-07-16,6.58,6.9,6.89,6.56,234230.0,1564155.0
2004-07-19,6.9,6.94,6.84,6.76,116978.0,798016.0
2004-07-20,6.7,6.77,6.73,6.7,118748.0,792792.0
2004-07-21,6.73,6.8,6.74,6.71,68801.0,460021.0
2004-07-22,6.72,6.73,6.57,6.55,140800.0,927004.0
2004-07-23,6.51,6.65,6.65,6.51,120993.0,790474.0
2004-07-26,6.57,6.61,6.53,6.52,52100.0,338869.0
2004-07-27,6.53,6.64,6.59,6.53,91146.0,596213.0
2004-07-28,6.63,6.73,6.73,6.63,95400.0,632789.0
2004-07-29,6.75,6.8,6.8,6.67,143715.0,962178.0
2004-07-30,6.82,6.83,6.68,6.65,89700.0,598299.0
2004-08-02,6.64,6.64,6.52,6.49,32150.0,188190.0
2004-08-03,6.52,6.52,6.4,6.37,87260.0,502853.0
2004-08-04,6.4,6.66,6.6,6.4,151420.0,890931.0
2004-08-05,6.53,6.64,6.51,6.5,91810.0,541123.0
2004-08-06,6.43,6.59,6.51,6.42,58010.0,339845.0
2004-08-09,6.44,6.69,6.68,6.44,182611.0,1078703.0
2004-08-10,6.81,7.35,7.35,6.81,1165710.0,7527997.0
2004-08-11,7.4,7.42,7.11,7.1,1331005.0,8617962.0
2004-08-12,7.04,7.04,6.98,6.76,571780.0,3520963.0
2004-08-13,6.91,6.97,6.85,6.83,220329.0,1361151.0
2004-08-16,6.73,6.82,6.53,6.5,268349.0,1590973.0
2004-08-17,6.52,6.77,6.64,6.48,151135.0,898409.0
2004-08-18,6.63,6.79,6.67,6.57,175107.0,1042891.0
2004-08-19,6.67,6.72,6.53,6.52,185610.0,1091405.0
2004-08-20,6.48,6.73,6.59,6.48,76100.0,449584.0
2004-08-23,6.59,6.59,6.47,6.42,81472.0,472428.0
2004-08-24,6.51,6.73,6.67,6.51,168500.0,1006829.0
2004-08-25,6.67,6.69,6.61,6.57,115290.0,684812.0
2004-08-26,6.62,6.62,6.53,6.53,100700.0,593811.0
2004-08-27,6.53,6.63,6.54,6.52,54304.0,319040.0
2004-08-30,6.71,6.71,6.66,6.53,72410.0,430284.0
2004-08-31,6.7,6.99,6.89,6.7,297904.0,1831402.0
2004-09-01,6.87,6.87,6.73,6.73,144060.0,873077.0
2004-09-02,6.73,6.82,6.82,6.59,134985.0,806496.0
2004-09-03,6.76,6.83,6.77,6.73,92850.0,563803.0
2004-09-06,6.76,6.83,6.77,6.75,58240.0,353987.0
2004-09-07,6.78,6.85,6.82,6.73,37160.0,225387.0
2004-09-08,6.82,6.87,6.79,6.73,91180.0,554972.0
2004-09-09,6.72,6.73,6.61,6.61,78250.0,468069.0
2004-09-10,6.57,6.63,6.59,6.57,63080.0,372776.0
2004-09-13,6.57,6.57,6.47,6.44,94350.0,550203.0
2004-09-14,6.42,6.89,6.68,6.42,119815.0,716413.0
2004-09-15,6.68,7.14,6.97,6.64,535994.0,3344723.0
2004-09-16,6.98,7.18,7.02,6.98,357270.0,2260256.0
2004-09-17,7.01,7.29,7.27,6.98,565703.0,3629819.0
2004-09-20,7.28,7.69,7.56,7.28,790901.0,5300942.0
2004-09-21,7.65,7.86,7.71,7.44,1001930.0,6913211.0
2004-09-22,7.67,7.85,7.46,7.43,530723.0,3607889.0
2004-09-23,7.45,7.75,7.74,7.35,450795.0,3040533.0
2004-09-24,8.38,8.38,7.56,7.55,1499660.0,10705875.0
2004-09-27,7.56,7.77,7.48,7.4,430932.0,2932783.0
2004-09-28,7.68,7.68,7.48,7.4,187406.0,1258013.0
2004-09-29,7.56,7.56,7.4,7.37,186962.0,1240385.0
2004-09-30,7.29,7.39,7.24,7.17,196463.0,1278713.0
2004-10-08,7.24,7.5,7.49,7.16,119819.0,786281.0
2004-10-11,7.59,7.65,7.46,7.43,358293.0,2413822.0
2004-10-12,7.4,7.4,7.26,7.21,216875.0,1412896.0
2004-10-13,7.05,7.36,7.33,7.05,210569.0,1352263.0
2004-10-14,7.33,7.34,6.93,6.92,228344.0,1448426.0
2004-10-15,6.93,7.04,6.91,6.81,147687.0,911065.0
2004-10-18,7.11,7.11,6.95,6.84,128332.0,795613.0
2004-10-19,7.01,7.17,6.99,6.91,188310.0,1192328.0
2004-10-20,6.99,7.0,6.88,6.81,89015.0,548222.0
2004-10-21,6.89,6.95,6.62,6.6,194155.0,1176764.0
2004-10-22,6.59,6.6,6.55,6.31,247779.0,1432103.0
2004-10-25,6.7,6.7,6.51,6.51,112340.0,661365.0
2004-10-26,6.49,6.57,6.53,6.31,181215.0,1043238.0
2004-10-27,6.63,6.79,6.76,6.49,196150.0,1162430.0
2004-10-28,6.72,6.98,6.78,6.64,211539.0,1293766.0
2004-10-29,6.63,6.64,6.58,6.37,193548.0,1140233.0
2004-11-01,6.39,6.57,6.53,6.39,97625.0,568640.0
2004-11-02,6.53,6.68,6.64,6.49,62025.0,365037.0
2004-11-03,6.7,6.83,6.79,6.67,134162.0,809639.0
2004-11-04,6.79,6.87,6.59,6.53,145091.0,868097.0
2004-11-05,6.68,6.7,6.55,6.51,58225.0,344291.0
2004-11-08,6.61,6.61,6.55,6.43,60744.0,355887.0
2004-11-09,6.57,6.61,6.57,6.42,43542.0,255279.0
2004-11-10,6.64,6.87,6.81,6.53,250028.0,1513383.0
2004-11-11,6.87,7.11,6.82,6.81,429086.0,2678145.0
2004-11-12,6.84,7.04,6.88,6.7,197956.0,1222573.0
2004-11-15,6.85,6.99,6.92,6.85,140525.0,873299.0
2004-11-16,6.93,6.96,6.86,6.85,103570.0,638538.0
2004-11-17,6.86,6.86,6.79,6.76,136120.0,829366.0
2004-11-18,6.77,6.92,6.91,6.77,110093.0,677130.0
2004-11-19,6.9,6.97,6.96,6.77,199987.0,1227538.0
2004-11-22,6.92,7.17,7.1,6.92,354620.0,2241695.0
2004-11-23,7.1,7.19,7.14,7.01,293595.0,1869106.0
2004-11-24,7.15,7.16,6.96,6.96,169379.0,1072600.0
2004-11-25,6.96,6.96,6.86,6.7,139963.0,858145.0
2004-11-26,6.82,6.96,6.89,6.82,94920.0,584215.0
2004-11-29,6.82,6.87,6.76,6.75,79489.0,484605.0
2004-11-30,6.76,6.98,6.98,6.76,141965.0,875790.0
2004-12-01,7.06,7.37,7.12,7.04,1089656.0,7036771.0
2004-12-02,7.15,7.19,7.18,6.99,418631.0,2660677.0
2004-12-03,7.25,7.29,7.19,7.09,326611.0,2105098.0
2004-12-06,7.15,7.19,7.12,7.01,146090.0,925385.0
2004-12-07,7.06,7.14,6.98,6.98,157210.0,989756.0
2004-12-08,7.11,7.11,6.92,6.86,234329.0,1448514.0
2004-12-09,6.93,7.02,6.95,6.85,144370.0,898080.0
2004-12-10,6.9,6.92,6.7,6.7,231977.0,1412438.0
2004-12-13,6.7,6.81,6.68,6.49,144590.0,863800.0
2004-12-14,6.69,6.71,6.62,6.6,81070.0,483976.0
2004-12-15,6.63,6.64,6.59,6.53,120196.0,707284.0
2004-12-16,6.59,6.64,6.55,6.54,67900.0,400903.0
2004-12-17,6.53,6.6,6.58,6.49,81157.0,475483.0
2004-12-20,6.5,6.53,6.44,6.35,131808.0,759358.0
2004-12-21,6.48,6.51,6.49,6.42,70050.0,405335.0
2004-12-22,6.53,6.69,6.69,6.5,97951.0,581110.0
2004-12-23,6.7,6.71,6.48,6.48,83300.0,492446.0
2004-12-24,6.48,6.57,6.51,6.48,43850.0,256127.0
2004-12-27,6.53,6.53,6.53,6.48,40330.0,235091.0
2004-12-29,6.51,6.53,6.5,6.48,60755.0,353911.0
2004-12-30,6.42,6.48,6.41,6.41,48130.0,277401.0
2004-12-31,6.42,6.46,6.4,6.38,56300.0,323382.0
2005-01-04,6.34,6.41,6.35,6.25,68800.0,390117.0
2005-01-05,6.31,6.53,6.42,6.29,43788.0,250453.0
2005-01-06,6.37,6.4,6.4,6.33,77500.0,441476.0
2005-01-07,6.39,6.47,6.41,6.39,37270.0,214480.0
2005-01-10,6.44,6.48,6.48,6.42,33699.0,194488.0
2005-01-11,6.48,6.5,6.48,6.4,29390.0,170124.0
2005-01-12,6.49,6.49,6.41,6.39,35860.0,206402.0
2005-01-13,6.43,6.48,6.48,6.42,73940.0,427254.0
2005-01-14,6.48,6.55,6.44,6.42,57420.0,333775.0
2005-01-17,6.38,6.38,6.26,6.24,93860.0,528440.0
2005-01-18,6.37,6.37,6.35,6.25,49960.0,281485.0
2005-01-19,6.3,6.35,6.31,6.25,32060.0,180620.0
2005-01-20,5.93,6.25,6.09,5.93,77380.0,424422.0
2005-01-21,6.09,6.24,6.24,5.94,133052.0,726730.0
2005-01-24,6.44,6.48,6.31,6.26,120884.0,683933.0
2005-01-25,6.26,6.26,6.19,6.08,70540.0,390297.0
2005-01-26,6.17,6.19,6.04,6.03,71416.0,389801.0
2005-01-27,5.95,6.04,6.0,5.95,75248.0,403005.0
2005-01-28,6.04,6.04,5.85,5.84,62700.0,332091.0
2005-02-01,5.47,5.68,5.48,5.47,195965.0,969524.0
2005-02-02,5.57,5.83,5.8,5.49,188701.0,956965.0
2005-02-03,5.8,5.81,5.61,5.59,112730.0,576352.0
2005-02-04,5.59,5.73,5.7,5.55,145195.0,733585.0
2005-02-16,5.72,5.88,5.81,5.72,80310.0,417937.0
2005-02-17,5.75,5.82,5.77,5.7,53960.0,277039.0
2005-02-18,5.77,5.82,5.73,5.72,55422.0,287292.0
2005-02-21,5.74,5.87,5.81,5.74,116630.0,607126.0
2005-02-22,5.81,6.0,5.97,5.81,205119.0,1094199.0
2005-02-23,6.03,6.12,6.09,5.97,254842.0,1383818.0
2005-02-24,6.11,6.2,6.16,6.01,210030.0,1153331.0
2005-02-25,6.16,6.42,6.4,6.11,525581.0,2959749.0
2005-02-28,6.71,7.04,7.04,6.7,1345266.0,8423118.0
2005-03-01,7.14,7.19,6.82,6.7,2494665.0,15486145.0
2005-03-02,6.77,6.91,6.48,6.47,1068406.0,6381032.0
2005-03-03,6.54,6.69,6.66,6.46,596866.0,3522632.0
2005-03-04,6.68,6.72,6.52,6.51,306626.0,1808395.0
2005-03-07,6.54,6.64,6.6,6.44,223150.0,1304827.0
2005-03-08,6.64,6.87,6.8,6.59,489928.0,2947611.0
2005-03-09,6.87,6.87,6.73,6.64,455692.0,2744819.0
2005-03-10,6.7,6.71,6.53,6.46,319370.0,1882485.0
2005-03-11,6.53,6.62,6.55,6.53,214970.0,1264234.0
2005-03-14,6.55,6.55,6.42,6.37,283709.0,1633861.0
2005-03-15,6.39,6.52,6.34,6.32,268034.0,1540485.0
2005-03-16,6.37,6.37,6.24,6.21,169708.0,949614.0
2005-03-17,6.25,6.35,6.26,6.2,216563.0,1214940.0
2005-03-18,6.24,6.33,5.94,5.9,186028.0,1008315.0
2005-03-21,5.92,6.02,5.97,5.92,93860.0,501339.0
2005-03-22,5.97,6.0,5.71,5.67,216462.0,1117393.0
2005-03-23,5.81,5.84,5.79,5.65,150954.0,780180.0
2005-03-24,5.76,6.2,6.14,5.71,488203.0,2638013.0
2005-03-25,5.99,6.17,6.05,5.99,283567.0,1540157.0
2005-03-28,6.09,6.12,5.96,5.82,158790.0,842814.0
2005-03-29,5.79,5.96,5.87,5.79,109834.0,579238.0
2005-03-30,5.81,5.82,5.65,5.64,152866.0,785669.0
2005-03-31,5.64,5.8,5.8,5.58,163254.0,831350.0
2005-04-01,5.68,6.2,6.03,5.68,173310.0,921291.0
2005-04-04,5.99,6.03,5.91,5.87,129110.0,685911.0
2005-04-05,5.9,5.99,5.82,5.81,87410.0,461468.0
2005-04-06,5.81,6.01,5.97,5.81,168840.0,896196.0
2005-04-07,5.99,6.16,6.05,5.99,353860.0,1932843.0
2005-04-08,6.04,6.14,6.12,6.03,253305.0,1385620.0
2005-04-11,6.1,6.3,6.25,6.03,256380.0,1424327.0
2005-04-12,6.26,6.26,6.08,6.05,216270.0,1183242.0
2005-04-13,6.08,6.3,6.21,6.08,317330.0,1757237.0
2005-04-14,6.2,6.31,6.06,6.06,185730.0,1032613.0
2005-04-15,5.96,6.01,5.84,5.76,193920.0,1021474.0
2005-04-18,5.75,5.83,5.8,5.71,146296.0,755335.0
2005-04-19,5.77,5.83,5.79,5.73,108267.0,560288.0
2005-04-20,5.75,5.76,5.66,5.63,200300.0,1017744.0
2005-04-21,5.65,5.76,5.56,5.52,202500.0,1017569.0
2005-04-22,5.57,5.63,5.61,5.53,193788.0,966987.0
2005-04-25,5.53,5.53,5.14,5.05,410689.0,1887638.0
2005-04-26,5.15,5.34,5.29,5.15,177476.0,836406.0
2005-04-27,5.25,5.41,5.27,5.23,147950.0,700824.0
2005-04-28,5.25,5.46,5.45,5.25,229482.0,1106617.0
2005-04-29,5.49,5.5,5.33,5.32,62570.0,301293.0
2005-05-09,5.42,5.42,5.15,5.06,89600.0,416664.0
2005-05-10,5.15,5.27,5.27,5.1,139024.0,644098.0
2005-05-11,5.21,5.36,5.36,5.21,179583.0,855122.0
2005-05-12,5.32,5.36,5.34,5.19,90900.0,430432.0
2005-05-13,5.25,5.43,5.43,5.25,141673.0,679454.0
2005-05-16,5.45,5.45,5.37,5.28,171028.0,817076.0
2005-05-17,5.35,5.44,5.39,5.34,235965.0,1140458.0
2005-05-18,5.37,5.39,5.36,5.27,144490.0,688428.0
2005-05-19,5.37,5.41,5.27,5.14,185104.0,876874.0
2005-05-20,5.33,5.36,5.27,5.25,156250.0,740626.0
2005-05-23,5.19,5.19,5.05,4.97,218360.0,991209.0
2005-05-24,5.07,5.21,5.15,5.07,105065.0,482981.0
2005-05-25,5.19,5.23,5.18,5.09,100795.0,465972.0
2005-05-26,5.21,5.24,5.1,5.09,117360.0,540502.0
2005-05-27,5.18,5.27,5.24,5.14,216506.0,1010162.0
2005-05-31,5.3,5.34,5.25,5.19,106520.0,502457.0
2005-06-01,5.25,5.25,5.07,5.05,139913.0,640222.0
2005-06-02,5.08,5.15,5.06,5.03,115036.0,522432.0
2005-06-03,5.06,5.17,5.15,5.06,118955.0,547362.0
2005-06-06,5.15,5.19,5.17,5.0,165850.0,753604.0
2005-06-07,5.15,5.28,5.16,5.14,226425.0,1056877.0
2005-06-08,5.12,5.56,5.49,5.12,606461.0,2934324.0
2005-06-09,5.57,5.64,5.61,5.44,515143.0,2566991.0
2005-06-10,5.61,5.61,5.46,5.39,267990.0,1313403.0
2005-06-13,5.55,5.71,5.62,5.52,585711.0,2947938.0
2005-06-14,5.65,5.65,5.46,5.43,303300.0,1499094.0
2005-06-15,5.46,5.46,5.35,5.29,252355.0,1208374.0
2005-06-16,5.33,5.44,5.37,5.3,199936.0,958399.0
2005-06-17,5.37,5.43,5.34,5.27,118552.0,565935.0
2005-06-20,5.27,5.52,5.52,5.26,220434.0,1068299.0
2005-06-21,5.52,5.52,5.41,5.36,149008.0,724817.0
2005-06-22,5.39,5.46,5.45,5.36,85403.0,413081.0
2005-06-23,5.54,5.64,5.48,5.48,435053.0,2171694.0
2005-06-24,5.47,5.53,5.46,5.36,181973.0,879707.0
2005-06-27,5.58,6.01,6.01,5.58,2612066.0,13881187.0
2005-06-28,5.92,6.08,5.88,5.82,2010333.0,10704518.0
2005-06-29,5.83,5.94,5.83,5.74,630667.0,3290538.0
2005-06-30,5.84,5.84,5.47,5.47,1103179.0,5516999.0
2005-07-01,5.44,5.49,5.15,5.14,605114.0,2868958.0
2005-07-04,5.14,5.14,4.98,4.8,424104.0,1877728.0
2005-07-05,4.96,5.03,5.01,4.89,218807.0,975092.0
2005-07-06,5.12,5.12,4.97,4.91,176130.0,784751.0
2005-07-07,4.92,5.05,4.97,4.91,174291.0,774110.0
2005-07-08,4.97,4.97,4.75,4.72,234007.0,1006416.0
2005-07-11,4.94,4.98,4.75,4.72,133880.0,580393.0
2005-07-12,4.69,4.95,4.87,4.69,243690.0,1051244.0
2005-07-13,4.82,4.92,4.83,4.82,111200.0,484528.0
2005-07-14,4.77,4.83,4.78,4.67,185630.0,789590.0
2005-07-15,4.86,4.86,4.75,4.74,121400.0,519239.0
2005-07-18,4.75,4.78,4.67,4.65,263611.0,1105901.0
2005-07-19,4.54,4.86,4.78,4.53,230105.0,970888.0
2005-07-20,4.83,4.97,4.79,4.72,383568.0,1647385.0
2005-07-21,4.8,4.82,4.71,4.61,140142.0,590580.0
2005-07-22,4.76,4.87,4.81,4.67,397680.0,1707020.0
2005-07-25,4.8,4.8,4.77,4.74,130210.0,555623.0
2005-07-26,4.75,4.92,4.91,4.75,482050.0,2094979.0
2005-07-27,4.91,4.96,4.95,4.82,396743.0,1738114.0
2005-07-28,4.92,4.98,4.96,4.83,517349.0,2285443.0
2005-07-29,4.98,4.99,4.92,4.9,269912.0,1193485.0
2005-08-01,4.97,4.97,4.91,4.83,265411.0,1164858.0
2005-08-02,4.92,4.98,4.98,4.81,371904.0,1632669.0
2005-08-03,4.98,5.14,5.0,4.98,673640.0,3046073.0
2005-08-04,4.98,5.0,4.9,4.89,306838.0,1358735.0
2005-08-05,4.88,5.13,5.12,4.88,504068.0,2272841.0
2005-08-08,5.13,5.25,5.16,5.07,559274.0,2586986.0
2005-08-09,5.13,5.27,5.25,5.1,513038.0,2382129.0
2005-08-10,5.25,5.34,5.28,5.16,472553.0,2221339.0
2005-08-11,5.24,5.41,5.38,5.24,697242.0,3328254.0
2005-08-12,5.37,5.42,5.15,5.15,763173.0,3605574.0
2005-08-15,5.16,5.36,5.34,5.14,520098.0,2449736.0
2005-08-16,5.34,5.42,5.35,5.23,539554.0,2571263.0
2005-08-17,5.27,5.57,5.55,5.25,747512.0,3611872.0
2005-08-18,5.54,5.71,5.29,5.25,919498.0,4521300.0
2005-08-19,5.29,5.35,5.19,5.07,604848.0,2814307.0
2005-08-22,5.19,5.47,5.45,5.15,591552.0,2841283.0
2005-08-23,5.52,5.64,5.37,5.33,1316567.0,6478175.0
2005-08-24,5.34,5.39,5.38,5.28,493718.0,2356015.0
2005-08-25,5.34,5.49,5.48,5.3,495810.0,2399156.0
2005-08-26,5.48,5.5,5.44,5.38,336843.0,1643931.0
2005-08-29,5.43,5.52,5.49,5.39,633409.0,3099784.0
2005-08-30,5.47,5.48,5.3,5.3,464720.0,2229809.0
2005-08-31,5.3,5.54,5.48,5.29,458897.0,2231812.0
2005-09-01,5.53,5.64,5.59,5.45,915103.0,4566304.0
2005-09-02,5.61,5.68,5.68,5.56,711002.0,3584655.0
2005-09-05,5.7,5.72,5.66,5.58,548750.0,2780588.0
2005-09-06,5.66,5.77,5.52,5.47,911977.0,4612331.0
2005-09-07,5.48,5.7,5.68,5.48,549033.0,2748709.0
2005-09-08,5.92,6.08,5.68,5.58,936466.0,4831406.0
2005-09-09,5.7,5.76,5.61,5.56,577767.0,2924921.0
2005-09-12,5.63,5.7,5.7,5.58,442778.0,2235755.0
2005-09-13,5.73,5.83,5.82,5.67,754400.0,3892958.0
2005-09-14,5.84,6.12,6.11,5.75,2030280.0,10836762.0
2005-09-15,6.14,6.39,6.22,6.06,3235018.0,18007815.0
2005-09-16,6.15,6.22,6.11,6.08,1219214.0,6706698.0
2005-09-19,6.09,6.25,6.2,6.09,711276.0,3938734.0
2005-09-20,6.2,6.23,6.1,6.05,873967.0,4782043.0
2005-09-21,6.06,6.14,5.96,5.95,749608.0,4056393.0
2005-09-22,5.95,5.97,5.55,5.38,1275149.0,6464109.0
2005-09-23,5.55,5.64,5.55,5.49,547230.0,2723223.0
2005-09-26,5.54,5.61,5.59,5.49,282400.0,1406806.0
2005-09-27,5.59,5.74,5.68,5.53,686009.0,3464935.0
2005-09-28,5.75,5.75,5.59,5.58,802294.0,4082690.0
2005-09-29,5.58,5.72,5.7,5.53,458622.0,2310960.0
2005-09-30,5.7,5.7,5.58,5.57,338212.0,1702737.0
2005-10-10,5.58,5.58,5.57,5.5,167752.0,834713.0
2005-10-11,5.56,5.7,5.66,5.44,255550.0,1275553.0
2005-10-12,5.67,5.81,5.76,5.63,536630.0,2754672.0
2005-10-13,5.76,5.86,5.86,5.58,911123.0,4698573.0
2005-10-14,5.93,6.11,5.95,5.9,1943461.0,10435223.0
2005-10-17,5.92,5.97,5.96,5.81,586855.0,3094386.0
2005-10-18,5.97,6.04,6.02,5.92,769239.0,4131509.0
2005-10-19,5.99,6.11,5.88,5.86,783541.0,4223233.0
2005-10-20,5.86,5.86,5.8,5.73,545359.0,2814809.0
2005-10-21,5.81,6.1,6.05,5.8,923147.0,4935315.0
2005-10-24,6.03,6.14,6.02,5.96,765517.0,4143009.0
2005-10-25,5.95,5.95,5.8,5.79,540900.0,2840603.0
2005-10-26,5.8,5.92,5.91,5.67,907799.0,4704644.0
2005-10-27,5.85,6.1,6.05,5.81,2327912.0,12543060.0
2005-10-28,6.09,6.09,5.68,5.59,883712.0,4568346.0
2005-10-31,5.67,5.72,5.57,5.45,641441.0,3200471.0
2005-11-01,5.57,5.59,5.53,5.43,319827.0,1571504.0
2005-11-02,5.53,5.67,5.67,5.52,333917.0,1681299.0
2005-11-03,5.61,5.67,5.58,5.53,217391.0,1091090.0
2005-11-04,5.53,5.67,5.62,5.5,140930.0,706033.0
2005-11-07,5.61,5.65,5.65,5.54,273060.0,1364524.0
2005-11-08,5.62,5.7,5.67,5.58,244055.0,1235168.0
2005-11-09,5.67,5.74,5.64,5.64,326300.0,1660246.0
2005-11-10,5.58,5.58,5.35,5.34,440470.0,2160681.0
2005-11-11,5.3,5.36,5.33,5.17,313429.0,1477870.0
2005-11-14,5.33,5.34,5.3,5.23,188825.0,890625.0
2005-11-15,5.26,5.36,5.29,5.25,149910.0,709913.0
2005-11-16,5.29,5.35,5.34,5.18,140670.0,661108.0
2005-11-17,5.3,5.39,5.36,5.3,143900.0,691515.0
2005-11-18,5.36,5.56,5.53,5.36,306190.0,1508706.0
2005-11-21,5.49,5.54,5.53,5.47,211030.0,1041175.0
2005-11-22,5.47,5.5,5.44,5.42,155451.0,757668.0
2005-11-23,5.42,5.48,5.45,5.41,180584.0,880300.0
2005-11-24,5.45,5.52,5.42,5.39,141342.0,690337.0
2005-11-25,5.43,5.53,5.52,5.39,199091.0,976645.0
2005-11-28,5.49,5.52,5.47,5.43,88800.0,434606.0
2005-11-29,5.47,5.47,5.36,5.34,143660.0,691083.0
2005-11-30,5.35,5.43,5.39,5.32,130933.0,630886.0
2005-12-01,5.43,5.43,5.37,5.35,109100.0,525500.0
2005-12-02,5.35,5.43,5.39,5.32,107100.0,513811.0
2005-12-05,5.25,5.37,5.27,5.25,136930.0,646968.0
2005-12-06,5.35,5.55,5.44,5.33,154430.0,748134.0
2005-12-07,5.37,5.44,5.43,5.32,80410.0,388215.0
2005-12-08,5.45,5.47,5.47,5.39,127386.0,620161.0
2005-12-09,5.45,5.55,5.55,5.43,241061.0,1189189.0
2005-12-12,5.5,5.56,5.5,5.47,166360.0,823791.0
2005-12-13,5.49,5.5,5.45,5.42,119931.0,585155.0
2005-12-14,5.44,5.54,5.52,5.42,309342.0,1510084.0
2005-12-15,5.53,5.58,5.47,5.46,234790.0,1162946.0
2005-12-16,5.5,5.5,5.47,5.44,195750.0,957053.0
2005-12-19,5.47,5.52,5.47,5.43,117104.0,574358.0
2005-12-20,5.47,5.47,5.46,5.39,127901.0,622678.0
2005-12-21,5.43,5.47,5.43,5.42,147505.0,717852.0
2005-12-22,5.42,5.59,5.58,5.42,656540.0,3269519.0
2005-12-23,5.57,5.64,5.63,5.54,392061.0,1965135.0
2005-12-26,5.66,5.67,5.63,5.58,293059.0,1477952.0
2005-12-27,5.63,5.64,5.64,5.55,211817.0,1060843.0
2005-12-28,5.63,5.63,5.59,5.56,156359.0,782774.0
2005-12-29,5.61,5.67,5.67,5.61,365900.0,1847313.0
2005-12-30,5.71,5.71,5.58,5.56,208476.0,1047207.0
2006-01-04,5.55,5.72,5.68,5.54,339691.0,1718718.0
2006-01-05,5.68,5.77,5.75,5.65,533772.0,2730549.0
2006-01-06,5.79,5.82,5.76,5.72,462099.0,2390666.0
2006-01-09,5.79,5.84,5.84,5.75,617964.0,3206638.0
2006-01-10,5.86,5.88,5.82,5.76,303942.0,1579312.0
2006-01-11,5.81,5.86,5.77,5.73,526311.0,2727242.0
2006-01-12,5.74,5.93,5.91,5.74,613029.0,3218913.0
2006-01-13,5.87,6.01,5.96,5.81,655640.0,3464750.0
2006-02-06,6.55,6.55,6.44,6.31,2424768.0,13947619.0
2006-02-07,6.44,6.9,6.73,6.39,2876414.0,17234795.0
2006-02-08,6.69,7.01,6.89,6.49,1875203.0,11482841.0
2006-02-09,6.88,7.0,6.83,6.82,1450548.0,8935225.0
2006-02-10,6.81,6.95,6.88,6.76,1172619.0,7194950.0
2006-02-13,6.87,6.92,6.8,6.76,1442416.0,8816524.0
2006-02-14,6.8,6.98,6.97,6.77,1137041.0,7019655.0
2006-02-15,6.97,6.98,6.9,6.88,680320.0,4219168.0
2006-02-16,6.88,6.9,6.83,6.78,941049.0,5745284.0
2006-02-17,6.83,6.9,6.8,6.77,903185.0,5518919.0
2006-02-20,6.87,6.87,6.53,6.48,1053605.0,6271977.0
2006-02-21,6.53,6.64,6.54,6.48,1000280.0,5897646.0
2006-03-09,5.87,6.01,5.91,5.78,1918075.0,7689658.0
2006-03-10,5.91,5.93,5.75,5.66,1212812.0,4760565.0
2006-03-13,5.71,5.79,5.75,5.69,418933.0,1630523.0
2006-03-14,5.75,5.9,5.84,5.72,438019.0,1719947.0
2006-03-15,5.82,6.24,6.01,5.78,1291189.0,5299815.0
2006-03-16,6.01,6.03,5.94,5.87,911114.0,3674892.0
2006-03-17,5.9,5.94,5.81,5.73,1035517.0,4072015.0
2006-03-20,5.79,5.87,5.82,5.73,1378342.0,5421346.0
2006-03-21,5.84,6.0,5.99,5.84,1308248.0,5267074.0
2006-03-22,5.99,6.19,6.18,5.93,1805527.0,7414597.0
2006-03-23,6.18,6.4,6.37,6.16,2441889.0,10416018.0
2006-03-24,6.34,6.56,6.51,6.24,1746870.0,7528138.0
2006-03-27,6.56,6.78,6.6,6.43,5125877.0,23087810.0
2006-03-28,6.6,6.72,6.62,6.59,3399693.0,15360833.0
2006-03-29,6.63,6.81,6.69,6.63,3732375.0,17057954.0
2006-03-30,6.68,6.72,6.5,6.49,2036575.0,9139210.0
2006-03-31,6.41,6.66,6.63,6.41,923605.0,4113680.0
2006-04-03,6.79,7.09,7.02,6.71,6451956.0,30226763.0
2006-04-04,7.06,7.11,7.02,6.9,3916285.0,18632526.0
2006-04-05,7.02,7.02,6.97,6.85,2673952.0,12596219.0
2006-04-06,6.97,7.11,6.97,6.91,3686971.0,17556214.0
2006-04-07,6.96,6.96,6.88,6.79,2140529.0,9967102.0
2006-04-10,6.9,7.12,7.12,6.84,2997016.0,14259323.0
2006-04-11,7.15,7.18,7.03,6.91,2379997.0,11406076.0
2006-04-12,7.03,7.03,6.87,6.84,1199429.0,5638082.0
2006-04-13,6.87,6.87,6.5,6.47,1860912.0,8421672.0
2006-04-14,6.46,6.69,6.68,6.38,987497.0,4365193.0
2006-04-17,6.68,6.78,6.6,6.51,993107.0,4460608.0
2006-04-18,6.63,6.63,6.56,6.49,843209.0,3741574.0
2006-04-19,6.51,6.56,6.5,6.38,890723.0,3898297.0
2006-04-20,6.47,6.6,6.57,6.41,1049842.0,4643476.0
2006-04-21,6.54,6.6,6.53,6.37,1319198.0,5801837.0
2006-04-24,6.53,6.53,6.16,6.07,1497487.0,6339804.0
2006-04-25,6.13,6.41,6.29,5.99,1410311.0,5924216.0
2006-04-26,6.31,6.46,6.32,6.22,1102900.0,4743008.0
2006-04-27,6.32,6.34,6.21,6.12,995938.0,4195923.0
2006-04-28,6.13,6.26,6.16,6.01,1330607.0,5525959.0
2006-05-08,6.21,6.6,6.6,6.18,2043152.0,8932745.0
2006-05-09,6.63,7.08,6.91,6.63,4858795.0,22860416.0
2006-05-10,6.9,7.0,6.91,6.72,2697211.0,12495434.0
2006-05-11,6.9,7.37,6.91,6.77,3562137.0,17115830.0
2006-05-12,6.87,7.15,7.13,6.81,3022877.0,14500208.0
2006-05-15,7.19,7.67,7.67,7.16,4446148.0,22413459.0
2006-05-16,7.67,7.9,7.12,7.08,3978859.0,20278005.0
2006-05-17,7.13,7.44,7.19,6.96,2085500.0,10119967.0
2006-05-18,7.08,7.31,7.24,6.99,1724894.0,8362724.0
2006-05-19,7.24,7.52,7.49,7.16,2422642.0,12116128.0
2006-05-22,7.49,7.77,7.61,7.44,2693153.0,13959289.0
2006-05-23,7.59,7.59,7.09,7.03,2523673.0,12459793.0
2006-05-24,7.08,7.3,6.85,6.72,1579639.0,7464461.0
2006-05-26,7.08,7.55,7.55,6.96,2112707.0,10442878.0
2006-05-29,7.78,7.97,7.89,7.64,5675061.0,30145210.0
2006-05-30,7.96,8.02,7.81,7.65,2738296.0,14466043.0
2006-05-31,7.81,8.24,7.92,7.7,3884927.0,21021443.0
2006-06-01,7.93,8.28,8.18,7.86,3314931.0,18383756.0
2006-06-02,8.28,8.37,7.99,7.83,3031986.0,16687418.0
2006-06-05,7.96,8.34,8.26,7.83,2382153.0,13014228.0
2006-06-06,8.22,8.3,8.05,7.92,1670972.0,9186496.0
2006-06-07,8.05,8.05,7.3,7.3,2206037.0,11332437.0
2006-06-08,7.19,7.37,7.11,6.85,2007873.0,9668952.0
2006-06-09,7.13,7.31,7.02,7.0,1217052.0,5901815.0
2006-06-12,7.0,7.19,7.08,6.91,841338.0,4031326.0
2006-06-13,7.08,7.22,7.13,7.0,803906.0,3879024.0
2006-06-14,7.08,7.13,7.0,6.93,729760.0,3472981.0
2006-06-15,6.99,7.15,7.09,6.97,589398.0,2828675.0
2006-06-16,7.13,7.28,7.28,7.13,1044561.0,5110423.0
2006-06-19,7.24,7.44,7.36,7.16,1184553.0,5898215.0
2006-06-20,7.34,7.44,7.34,7.22,876106.0,4342202.0
2006-06-21,7.33,7.53,7.38,7.24,1218048.0,6104946.0
2006-06-22,7.72,7.74,7.55,7.5,2366026.0,12199366.0
2006-06-23,7.67,8.3,8.3,7.67,5369295.0,29570528.0
2006-06-26,8.51,8.65,8.46,8.24,6182576.0,35391650.0
2006-06-27,8.48,8.51,8.34,8.18,2639707.0,14853231.0
2006-06-28,8.28,8.7,8.51,8.22,3448679.0,20008285.0
2006-06-29,8.55,8.61,8.49,8.4,2476154.0,14294973.0
2006-06-30,8.46,8.52,8.11,8.03,2999227.0,16720984.0
2006-07-03,8.17,8.31,8.2,8.08,2033493.0,11303986.0
2006-07-04,8.17,8.26,8.09,7.9,2312123.0,12623483.0
2006-07-05,8.08,8.08,8.02,7.84,1182624.0,6374389.0
2006-07-06,7.99,8.46,8.43,7.95,2522392.0,14162241.0
2006-07-07,8.48,8.7,8.58,8.39,3545787.0,20542388.0
2006-07-10,8.42,8.62,8.49,8.33,1232287.0,7058166.0
2006-07-11,8.43,8.49,8.42,8.36,1170733.0,6669140.0
2006-07-12,8.4,8.51,8.31,8.2,1316281.0,7453895.0
2006-07-13,8.27,8.27,7.5,7.49,2537256.0,13489805.0
2006-07-14,7.4,7.74,7.65,7.34,1145447.0,5902319.0
2006-07-17,7.65,7.78,7.74,7.53,1164826.0,6055415.0
2006-07-18,7.74,7.75,7.74,7.59,877046.0,4557068.0
2006-07-19,7.72,7.72,7.55,7.49,893855.0,4596271.0
2006-07-20,7.62,8.14,7.93,7.56,1638291.0,8779212.0
2006-07-21,7.93,8.11,7.99,7.86,1108150.0,6006370.0
2006-07-24,7.9,7.92,7.87,7.68,960993.0,5075760.0
2006-07-25,7.81,8.18,8.11,7.75,1267295.0,6927708.0
2006-07-26,8.12,8.21,8.12,8.03,1105747.0,6078626.0
2006-07-27,8.12,8.24,7.97,7.93,1200629.0,6585390.0
2006-07-28,7.95,8.09,7.83,7.74,873127.0,4644782.0
2006-07-31,7.78,7.86,7.81,7.49,1470620.0,7654119.0
2006-08-01,7.9,8.55,8.21,7.9,5621455.0,31524184.0
2006-08-02,8.24,9.04,8.95,8.22,11170746.0,66247618.0
2006-08-03,8.96,8.98,8.73,8.33,6150080.0,35992214.0
2006-08-04,8.51,8.67,7.96,7.93,3696705.0,20842478.0
2006-08-07,7.89,8.52,8.48,7.61,3381095.0,18473700.0
2006-08-08,8.39,8.96,8.77,8.27,4862223.0,28710972.0
2006-08-09,8.73,8.8,8.55,8.43,2615281.0,15230608.0
2006-08-10,8.54,9.1,9.05,8.51,5601985.0,33829357.0
2006-08-11,8.99,9.26,9.02,8.86,5116068.0,31515733.0
2006-08-14,9.08,9.12,8.52,8.45,3438473.0,20397127.0
2006-08-15,8.39,8.8,8.68,8.33,2124104.0,12368219.0
2006-08-16,8.67,8.79,8.7,8.52,1873587.0,11002555.0
2006-08-17,8.59,8.68,8.46,8.33,1695784.0,9739981.0
2006-08-18,8.4,8.62,8.31,8.3,1119620.0,6386972.0
2006-08-21,8.03,8.77,8.73,7.92,2364696.0,13472153.0
2006-08-22,8.76,8.8,8.65,8.62,1794763.0,10597368.0
2006-08-23,8.65,8.81,8.56,8.52,1559055.0,9128999.0
2006-08-24,8.55,8.68,8.58,8.34,1580530.0,9130018.0
2006-08-25,8.43,8.52,8.15,8.14,4669056.0,26184915.0
2006-08-28,8.06,8.34,8.31,8.05,3288284.0,18320016.0
2006-08-29,8.3,8.31,8.22,8.15,2851496.0,15921393.0
2006-08-30,8.15,8.42,8.37,8.15,1773620.0,10007905.0
2006-08-31,8.34,8.45,8.36,8.22,1660101.0,9342057.0
2006-09-01,8.37,8.37,8.02,7.96,2230086.0,12309563.0
2006-09-04,7.96,8.12,8.09,7.96,1794953.0,9792313.0
2006-09-05,8.08,8.11,7.81,7.74,3045500.0,16297739.0
2006-09-06,7.81,7.99,7.95,7.81,1456842.0,7823074.0
2006-09-07,7.96,8.21,8.11,7.83,2613144.0,14298530.0
2006-09-08,8.05,8.17,8.0,7.97,1079353.0,5901511.0
2006-09-11,7.95,8.0,7.97,7.84,1181484.0,6333720.0
2006-09-12,7.99,8.17,8.17,7.9,1946078.0,10692861.0
2006-09-13,8.11,8.14,7.96,7.9,1032924.0,5651208.0
2006-09-14,7.93,8.12,8.11,7.9,1196206.0,6531042.0
2006-09-15,8.11,8.37,8.28,8.0,2827316.0,15747637.0
2006-09-18,8.55,8.59,8.43,8.34,3705144.0,21220977.0
2006-09-19,8.37,8.4,8.28,8.21,1741186.0,9788263.0
2006-09-20,8.28,8.33,8.27,8.14,1106253.0,6156664.0
2006-09-21,8.26,8.34,8.2,8.15,1157118.0,6445079.0
2006-09-22,8.18,8.43,8.36,8.03,2913689.0,16349856.0
2006-09-25,8.33,8.36,8.03,7.96,2022141.0,11153396.0
2006-09-26,7.99,8.06,8.03,7.93,911952.0,4928052.0
2006-09-27,8.08,8.08,8.03,7.93,634295.0,3435309.0
2006-09-28,8.03,8.08,8.03,7.95,970971.0,5278533.0
2006-09-29,8.0,8.14,8.03,7.96,1348951.0,7348635.0
2006-10-09,8.05,8.18,8.17,8.03,1541807.0,8473476.0
2006-10-10,8.14,8.45,8.45,8.02,4014122.0,22589617.0
2006-10-11,8.4,8.51,8.36,8.3,2564713.0,14601500.0
2006-10-12,8.37,8.42,8.14,8.03,1720536.0,9584784.0
2006-10-13,8.05,8.18,8.15,8.05,807507.0,4450178.0
2006-10-16,8.15,8.15,8.09,8.03,769442.0,4213502.0
2006-10-17,8.09,8.14,8.03,8.03,617225.0,3378207.0
2006-10-18,8.02,8.3,8.27,8.0,1385396.0,7710483.0
2006-10-19,8.33,8.37,8.28,8.2,1932707.0,10863110.0
2006-10-20,8.28,8.31,8.15,8.11,1220478.0,6772517.0
2006-10-23,8.08,8.11,7.75,7.74,1523255.0,8205459.0
2006-10-24,7.81,7.96,7.9,7.77,838221.0,4456980.0
2006-10-25,7.93,7.93,7.75,7.68,1108543.0,5870423.0
2006-10-26,7.75,7.87,7.77,7.71,845115.0,4463412.0
2006-10-27,7.74,7.77,7.47,7.44,1748337.0,9001101.0
2006-10-30,7.49,7.65,7.59,7.49,832372.0,4263324.0
2006-10-31,7.59,7.64,7.64,7.52,782589.0,4015455.0
2006-11-01,7.62,7.62,7.56,7.43,1082219.0,5530815.0
2006-11-02,7.56,7.67,7.64,7.5,756932.0,3900956.0
2006-11-03,7.74,7.87,7.72,7.67,1554686.0,8203178.0
2006-11-06,7.58,7.74,7.65,7.52,915757.0,4751946.0
2006-11-07,7.62,7.65,7.53,7.44,729141.0,3719997.0
2006-11-08,7.52,7.62,7.56,7.44,547485.0,2789536.0
2006-11-09,7.65,7.71,7.68,7.44,851204.0,4390829.0
2006-11-10,7.7,7.71,7.52,7.44,925396.0,4735091.0
2006-11-13,7.49,7.55,7.37,7.12,1143638.0,5678186.0
2006-11-14,7.4,7.49,7.49,7.28,1053039.0,5240581.0
2006-11-15,7.5,8.24,8.24,7.5,4939527.0,26772920.0
2006-11-16,8.4,9.07,9.07,8.33,17708987.0,104350511.0
2006-11-17,9.15,9.15,8.77,8.56,9271149.0,55127549.0
2006-11-20,8.68,8.74,8.62,8.33,5556200.0,32071390.0
2006-11-21,8.42,8.52,8.46,8.26,3124914.0,17757529.0
2006-11-22,8.48,8.61,8.33,8.24,2728770.0,15507605.0
2006-11-23,8.27,8.43,8.26,8.11,3009555.0,16855517.0
2006-11-24,8.26,8.36,8.28,8.03,3089160.0,17101128.0
2006-11-27,8.18,8.54,8.43,8.11,2523295.0,14340735.0
2006-11-28,8.36,8.43,8.3,8.18,2423494.0,13620250.0
2006-11-29,8.21,8.52,8.4,8.12,2194717.0,12457120.0
2006-11-30,8.4,8.62,8.55,8.33,3478663.0,20059611.0
2006-12-01,8.55,8.58,8.36,8.33,2555500.0,14612772.0
2006-12-04,8.33,8.39,8.37,8.2,3035748.0,17072126.0
2006-12-05,8.37,8.59,8.58,8.24,3785279.0,21469385.0
2006-12-06,8.64,8.74,8.33,8.15,3981438.0,22833017.0
2006-12-07,8.33,8.46,8.24,8.17,2622989.0,14777673.0
2006-12-08,8.11,8.2,7.71,7.71,2603663.0,13994046.0
2006-12-11,7.77,7.95,7.93,7.68,1147777.0,6101423.0
2006-12-12,7.93,7.99,7.92,7.75,1211727.0,6460949.0
2006-12-13,7.86,7.9,7.9,7.74,1113685.0,5905652.0
2006-12-14,7.83,7.96,7.95,7.8,1616776.0,8639109.0
2006-12-15,7.99,7.99,7.93,7.87,1288173.0,6929326.0
2006-12-18,7.93,8.11,7.96,7.89,1506049.0,8166638.0
2006-12-19,7.99,8.09,8.08,7.75,2211461.0,11866175.0
2006-12-20,8.03,8.18,8.15,7.92,1892193.0,10342247.0
2006-12-21,8.18,8.28,8.08,8.03,1901403.0,10544672.0
2006-12-22,8.09,8.3,8.24,7.99,2144939.0,11882120.0
2006-12-25,8.26,8.46,8.26,8.11,2306646.0,12919514.0
2006-12-26,8.26,8.28,8.05,7.9,1738546.0,9488115.0
2006-12-27,7.97,8.03,7.9,7.81,1659065.0,8876480.0
2006-12-28,7.92,7.96,7.67,7.64,1598686.0,8401605.0
2006-12-29,7.67,7.8,7.71,7.65,1421734.0,7444242.0
2007-01-04,7.74,7.81,7.68,7.64,1791564.0,9357947.0
2007-01-05,7.67,7.83,7.81,7.53,1195992.0,6249428.0
2007-01-08,7.77,8.11,8.09,7.75,1930112.0,10439627.0
2007-01-09,8.09,8.26,8.15,8.03,2925273.0,16170396.0
2007-01-10,8.17,8.26,8.24,8.06,2625330.0,14528176.0
2007-01-11,8.22,8.55,8.28,8.14,4240645.0,24015696.0
2007-01-12,8.18,8.48,8.03,8.02,2962981.0,16516912.0
2007-01-15,8.0,8.33,8.31,7.96,2258681.0,12570478.0
2007-01-16,8.4,8.4,8.33,8.18,2943977.0,16551237.0
2007-01-17,8.34,8.68,8.4,8.26,4598292.0,26444592.0
2007-01-18,8.61,8.87,8.8,8.59,7654112.0,45370527.0
2007-01-19,8.95,9.06,9.02,8.68,6193791.0,37172495.0
2007-01-22,9.08,9.46,9.32,9.06,5330101.0,33474054.0
2007-01-23,9.33,9.4,9.23,8.86,4327870.0,26879612.0
2007-01-24,9.23,9.4,9.3,8.84,5072639.0,31532567.0
2007-01-25,9.24,9.24,8.77,8.74,3950699.0,24086317.0
2007-01-26,8.7,8.77,8.68,8.39,2705085.0,15720076.0
2007-01-29,8.68,9.39,9.32,8.67,4624325.0,28494151.0
2007-01-30,9.32,9.57,9.17,9.15,3974224.0,25204539.0
2007-01-31,9.17,9.86,9.26,9.11,6597553.0,42599712.0
2007-02-01,9.14,10.19,10.19,9.14,11474347.0,76708738.0
2007-02-02,9.99,10.24,9.4,9.3,7390533.0,49248842.0
2007-02-05,9.4,9.68,9.48,9.26,2847870.0,18301147.0
2007-02-06,9.54,10.1,9.89,9.49,3326557.0,22268400.0
2007-02-07,9.92,10.47,10.38,9.77,5577990.0,38144070.0
2007-02-08,10.38,10.38,10.26,10.02,3379997.0,23488639.0
2007-02-09,10.26,10.45,10.16,10.02,2554003.0,17604714.0
2007-02-12,10.17,10.39,10.29,10.17,2613155.0,18252838.0
2007-02-13,10.33,10.33,10.16,9.96,3567319.0,24419754.0
2007-02-14,10.16,10.54,10.39,10.02,3973104.0,27773709.0
2007-02-15,10.41,10.7,10.57,10.33,3142182.0,22509041.0
2007-02-16,10.58,11.03,10.67,10.58,3471843.0,25522063.0
2007-02-26,10.61,11.32,11.2,10.47,4142202.0,30609115.0
2007-02-27,11.16,11.35,10.08,10.08,4922161.0,35699727.0
2007-02-28,10.02,10.54,10.44,9.91,4326334.0,30044644.0
2007-03-01,10.44,10.44,10.02,9.79,4279890.0,29253925.0
2007-03-02,9.96,10.26,10.21,9.96,3001752.0,20662111.0
2007-03-05,10.21,10.36,10.33,9.95,3156939.0,21810345.0
2007-03-06,10.41,10.86,10.64,10.36,4628195.0,33385932.0
2007-03-07,10.61,10.72,10.69,10.47,3372717.0,24248303.0
2007-03-08,10.63,11.03,10.97,10.63,3633139.0,26857479.0
2007-03-09,10.83,11.25,11.04,10.7,3935347.0,29483254.0
2007-03-12,11.1,11.47,11.34,10.92,4685111.0,35875577.0
2007-03-13,11.34,11.48,11.37,11.14,3415387.0,26213737.0
2007-03-14,11.23,11.34,11.11,10.73,3796567.0,28542761.0
2007-03-15,11.03,11.69,11.63,11.03,3988943.0,30826492.0
2007-03-16,11.63,11.63,11.05,10.83,4271701.0,32659562.0
2007-03-19,10.76,11.35,11.35,10.66,3987538.0,29962695.0
2007-03-20,11.35,11.79,11.73,11.22,4125493.0,32300650.0
2007-03-21,11.78,11.93,11.88,11.5,3463583.0,27639665.0
2007-03-22,11.91,12.01,11.81,11.76,3781165.0,30482286.0
2007-03-23,11.81,12.99,12.56,11.37,6893626.0,56774125.0
2007-03-26,12.46,13.1,12.87,12.46,5222835.0,45491760.0
2007-03-27,12.88,13.68,13.4,12.68,4346036.0,39334876.0
2007-03-28,13.46,13.53,13.0,12.32,5254803.0,46265953.0
2007-03-29,12.97,12.99,12.12,12.1,4827114.0,40707131.0
2007-03-30,12.04,12.46,12.1,11.9,2956621.0,24296359.0
2007-04-02,12.12,12.53,12.43,11.93,3009768.0,24964011.0
2007-04-03,12.43,12.81,12.71,12.31,3059881.0,26107602.0
2007-04-04,12.71,12.9,12.87,12.38,3642711.0,31233636.0
2007-04-05,13.04,14.15,14.15,13.02,10065079.0,93640466.0
2007-04-06,14.15,14.37,13.95,13.95,7254943.0,69378945.0
2007-04-09,13.93,14.25,13.99,13.72,5081991.0,48296869.0
2007-04-10,14.12,14.12,14.03,13.61,4251265.0,40230051.0
2007-04-11,14.0,14.68,14.4,13.71,5012707.0,47920736.0
2007-04-12,14.43,15.85,15.45,14.08,9363670.0,95771666.0
2007-04-13,15.39,16.21,15.15,14.76,7834040.0,82832535.0
2007-04-16,14.83,16.42,16.11,14.83,6951477.0,73969447.0
2007-04-17,16.45,17.72,16.5,16.33,8857963.0,101260687.0
2007-04-18,16.8,17.54,16.77,16.14,6508070.0,74012204.0
2007-04-19,16.64,16.64,15.24,15.09,6625615.0,71268074.0
2007-04-20,15.24,16.17,15.95,15.24,5207325.0,55492059.0
2007-04-23,15.99,16.66,16.57,15.99,4707007.0,52521606.0
2007-04-24,16.77,17.07,16.5,16.45,6792979.0,77155032.0
2007-04-25,16.52,16.58,16.18,15.79,4509014.0,49437768.0
2007-04-26,16.26,16.73,16.21,16.18,4810770.0,53559636.0
2007-04-27,16.21,16.26,15.8,15.74,4818288.0,52117305.0
2007-04-30,15.57,16.64,16.42,15.51,5984925.0,65941501.0
2007-05-08,16.73,17.54,17.05,16.51,6119230.0,70804696.0
2007-05-09,16.92,17.28,16.82,16.05,5487725.0,62195681.0
2007-05-10,16.89,17.54,17.47,16.75,8045610.0,93620194.0
2007-05-11,17.36,17.47,17.39,16.66,4996907.0,57656160.0
2007-05-14,17.2,19.13,19.13,16.83,11144338.0,140586894.0
2007-05-15,19.24,19.53,17.61,17.22,11852512.0,147862504.0
2007-05-17,18.44,18.6,18.07,17.89,6909036.0,85203245.0
2007-05-18,17.92,18.1,17.89,17.51,5288345.0,64016150.0
2007-05-21,17.04,18.4,18.29,16.83,6592032.0,79748182.0
2007-05-22,18.29,19.57,19.09,18.2,11433569.0,147644427.0
2007-05-23,19.18,19.63,19.37,19.18,7087606.0,93031765.0
2007-05-24,19.37,19.38,18.73,18.32,6912822.0,87988454.0
2007-05-25,18.44,19.16,18.84,18.43,5342332.0,68430202.0
2007-05-28,18.84,19.55,19.52,18.84,7832783.0,102579667.0
2007-05-29,19.74,20.16,19.96,19.31,7988767.0,107616111.0
2007-05-30,18.43,19.35,17.97,17.97,6135500.0,77409108.0
2007-05-31,17.11,17.69,16.17,16.17,8690888.0,96149101.0
2007-06-01,15.77,16.36,14.55,14.55,6072098.0,62581991.0
2007-06-04,14.4,14.7,13.09,13.09,5313186.0,47732155.0
2007-06-05,12.06,13.09,12.94,11.78,7310872.0,60363871.0
2007-06-06,13.1,13.27,13.04,12.46,5885573.0,51893228.0
2007-06-07,13.04,14.08,13.97,13.02,6519636.0,60128525.0
2007-06-08,14.0,14.27,14.0,13.61,6224591.0,58810670.0
2007-06-11,14.28,14.89,14.28,14.0,6766015.0,65949081.0
2007-06-12,14.33,14.4,14.03,12.97,6449633.0,60392965.0
2007-06-13,14.08,15.43,15.43,14.06,10173210.0,104894886.0
2007-06-14,15.64,16.98,16.98,15.01,12584864.0,140665505.0
2007-06-15,18.57,18.68,18.68,17.69,6873439.0,86440819.0
2007-08-31,20.55,20.55,20.55,20.55,46603.0,649646.0
2007-09-03,22.6,22.6,22.6,22.6,85767.0,1314808.0
2007-09-04,24.85,24.85,24.85,24.85,183788.0,3098666.0
2007-09-05,27.34,27.34,27.34,27.34,519726.0,9640917.0
2007-09-06,30.09,30.09,30.09,30.09,6027991.0,123031296.0
2007-09-07,32.8,33.09,33.09,31.72,9532997.0,211456393.0
2007-09-10,35.38,35.38,32.28,31.04,15318985.0,347121641.0
2007-09-11,32.3,35.38,32.21,31.34,11888401.0,266329911.0
2007-09-12,33.2,35.07,34.17,32.28,8478478.0,193304738.0
2007-09-13,34.61,34.61,33.61,32.28,7735574.0,174438908.0
2007-09-14,33.61,36.97,36.56,33.02,13249637.0,326257726.0
2007-09-17,36.69,37.56,37.16,35.38,7194742.0,178571259.0
2007-09-18,37.22,37.29,36.81,35.82,4193735.0,103926171.0
2007-09-19,36.56,36.63,33.12,33.12,9899641.0,230099712.0
2007-09-20,33.17,33.89,33.42,30.97,7404712.0,163605901.0
2007-09-21,32.65,33.02,30.29,30.07,8851967.0,185069390.0
2007-09-24,30.39,31.99,31.43,29.5,7801474.0,163368080.0
2007-09-25,30.95,31.4,30.91,29.76,5078648.0,104958848.0
2007-09-26,30.95,32.72,31.47,30.91,5111460.0,110850770.0
2007-09-27,31.4,33.17,32.34,31.32,3031643.0,65892756.0
2007-09-28,32.84,35.57,35.57,32.8,8651952.0,203781492.0
2007-10-08,37.01,37.1,36.75,34.08,7901314.0,191107275.0
2007-10-09,36.75,36.75,34.48,34.35,4664922.0,111327710.0
2007-10-10,34.49,36.11,34.02,33.34,4344728.0,102521053.0
2007-10-11,33.61,34.35,32.74,32.58,3479329.0,78537351.0
2007-10-12,32.7,33.56,31.06,29.47,4685554.0,98364040.0
2007-10-15,31.29,32.08,30.84,29.48,2912032.0,60560891.0
2007-10-16,30.88,31.97,31.56,30.22,1715855.0,36522726.0
2007-10-17,31.4,33.86,32.95,30.97,3512130.0,78336569.0
2007-10-18,33.09,35.36,30.66,29.66,6066230.0,132306073.0
2007-10-19,30.59,30.95,28.77,28.74,5736010.0,115970625.0
2007-10-22,28.01,28.01,25.9,25.9,4322899.0,77570316.0
2007-10-23,25.12,27.15,26.95,24.65,4546252.0,79980626.0
2007-10-24,26.53,26.96,25.18,25.09,1884151.0,33142550.0
2007-10-25,24.84,24.84,22.66,22.66,3208229.0,50373524.0
2007-10-26,22.01,23.29,22.04,21.67,3380903.0,51042694.0
2007-10-29,22.48,24.25,24.25,22.48,1938757.0,31345981.0
2007-10-30,25.59,26.68,26.68,25.06,2276118.0,40235960.0
2007-10-31,29.3,29.32,27.7,27.37,5606502.0,107881841.0
2007-11-01,26.83,30.47,29.82,26.71,8758602.0,175985369.0
2007-11-05,28.27,28.96,26.84,26.84,4692406.0,87442626.0
2007-11-06,26.24,27.83,26.81,25.66,2826483.0,51076241.0
2007-11-07,26.93,26.93,25.25,24.93,2767541.0,48386764.0
2007-11-08,25.13,25.13,23.48,23.19,2895358.0,47167972.0
2007-11-09,23.01,24.47,23.92,22.26,3617376.0,57044735.0
2007-11-12,23.26,23.55,22.32,21.82,2921440.0,44680493.0
2007-11-13,22.43,24.44,23.86,22.43,3700486.0,59391598.0
2007-11-14,24.07,24.76,24.65,23.32,2566714.0,41942747.0
2007-11-15,24.18,25.5,24.6,23.92,2664985.0,44524399.0
2007-11-16,24.1,25.49,24.51,24.03,2206154.0,37135747.0
2007-11-19,25.04,26.5,26.11,24.76,2939458.0,51306746.0
2007-11-20,26.25,27.24,26.18,25.77,3742987.0,66845787.0
2007-11-21,26.24,26.24,24.93,24.91,2476531.0,42793889.0
2007-11-22,23.88,24.7,23.54,23.44,1583441.0,25768734.0
2007-11-23,23.29,24.18,24.16,23.29,1020776.0,16499645.0
2007-11-26,24.32,24.98,24.14,23.85,1554442.0,25711649.0
2007-11-27,24.14,24.32,23.6,23.16,1114402.0,17903004.0
2007-11-28,24.0,24.32,23.63,23.32,771423.0,12429361.0
2007-11-29,24.47,25.99,25.99,24.34,1995805.0,34691676.0
2007-11-30,27.25,27.48,26.03,25.94,5771591.0,104396216.0
2007-12-03,25.94,26.81,26.11,25.1,2138381.0,38192927.0
2007-12-04,26.09,26.45,25.63,25.47,1289075.0,22500214.0
2007-12-05,25.77,26.46,26.41,25.35,2289593.0,40543610.0
2007-12-06,26.5,26.74,26.25,25.96,1316827.0,23527192.0
2007-12-07,26.36,26.53,26.52,25.68,1627367.0,28947264.0
2007-12-10,26.12,27.31,27.05,25.06,2454035.0,44606142.0
2007-12-11,27.51,28.88,27.59,27.34,4020024.0,76515243.0
2007-12-12,27.27,27.89,26.99,26.95,1983619.0,36686405.0
2007-12-13,27.42,28.01,26.25,26.24,2288943.0,42180987.0
2007-12-14,25.8,26.68,26.67,25.68,1473132.0,26255161.0
2007-12-17,26.68,26.7,25.97,25.81,1446648.0,25653550.0
2007-12-18,26.02,26.49,26.25,25.9,842261.0,14920989.0
2007-12-19,26.39,27.18,26.65,26.39,1187810.0,21559816.0
2007-12-20,26.7,27.39,26.96,26.56,1234950.0,22622857.0
2007-12-21,26.83,28.74,28.41,26.7,3904445.0,74198052.0
2007-12-24,28.45,29.41,28.43,27.89,3766339.0,73142802.0
2007-12-25,28.18,28.96,28.71,28.05,2145201.0,41675005.0
2007-12-26,28.71,29.3,28.76,27.93,2614922.0,50516276.0
2007-12-27,28.82,30.06,29.47,28.67,3321300.0,66395304.0
2007-12-28,29.47,29.47,28.39,28.36,2555917.0,50152531.0
2008-01-02,28.42,29.78,29.61,28.3,2988248.0,59540552.0
2008-01-03,29.48,32.58,32.58,29.27,4706317.0,99823676.0
2008-01-04,32.59,33.61,32.44,31.72,4381230.0,97016473.0
2008-01-07,32.13,33.89,33.55,31.96,4075094.0,91567186.0
2008-01-08,33.55,34.79,32.44,31.75,3328158.0,74888251.0
2008-01-09,32.43,34.33,34.04,31.84,3501201.0,79910166.0
2008-01-10,33.9,35.3,34.08,33.7,2748049.0,64215211.0
2008-01-11,34.08,34.38,33.23,32.43,2726654.0,61153703.0
2008-01-14,33.23,33.43,32.92,32.44,1719497.0,38357391.0
2008-01-15,32.95,34.15,34.12,32.72,1815031.0,41193732.0
2008-01-16,33.46,34.34,33.08,32.72,1769805.0,40167526.0
2008-01-17,32.72,33.53,31.28,30.66,3613679.0,77707904.0
2008-01-18,31.07,31.69,31.28,30.81,1309948.0,27752775.0
2008-01-21,31.31,31.55,28.39,28.15,2423032.0,48699450.0
2008-01-22,27.42,27.65,25.55,25.55,4168079.0,74956744.0
2008-01-23,25.35,26.9,26.83,25.35,2050877.0,36602863.0
2008-01-24,26.61,28.26,28.2,26.61,2428052.0,45624558.0
2008-01-25,28.46,29.92,28.82,28.01,2143383.0,42312162.0
2008-01-28,29.19,29.67,26.19,26.09,1958886.0,36231853.0
2008-01-29,26.24,28.82,28.82,26.24,2370267.0,45025363.0
2008-01-30,29.04,29.85,28.46,28.05,2195797.0,43103374.0
2008-01-31,28.11,29.1,27.55,27.3,1042541.0,19826296.0
2008-02-01,27.42,28.45,26.68,25.06,1645264.0,29700855.0
2008-02-04,27.34,28.94,28.86,27.34,1210237.0,23316139.0
2008-02-05,28.86,30.06,29.64,28.02,2289404.0,45618693.0
2008-02-13,29.19,30.09,29.25,28.61,944585.0,18886405.0
2008-02-14,30.29,30.34,29.47,29.26,1048752.0,21113317.0
2008-02-15,29.33,29.45,28.85,28.27,863237.0,16770595.0
2008-02-18,29.6,30.45,30.2,28.98,2084220.0,42207453.0
2008-02-19,30.22,30.78,30.26,29.6,1656138.0,33999762.0
2008-02-20,30.59,30.88,29.42,29.36,1782865.0,36415774.0
2008-02-21,29.05,29.92,29.44,28.82,1332208.0,26507890.0
2008-02-22,29.19,29.48,27.84,27.59,1802940.0,34581399.0
2008-02-27,25.35,27.68,26.39,25.06,10968167.0,191321372.0
2008-02-28,25.35,25.71,25.21,24.73,7693209.0,131579554.0
2008-02-29,25.04,25.5,25.49,24.69,3468720.0,59301158.0
2008-03-03,25.35,26.16,25.8,24.62,5990914.0,103185039.0
2008-03-04,25.8,26.27,25.75,25.35,4432971.0,77426246.0
2008-03-05,25.5,25.78,25.6,24.91,2356507.0,40515162.0
2008-03-06,25.65,26.22,25.84,25.32,2994336.0,52466785.0
2008-03-07,25.9,25.9,25.16,25.06,1755272.0,30201907.0
2008-03-10,25.44,25.44,23.25,23.13,3236918.0,52199793.0
2008-03-11,22.83,23.29,23.07,22.27,2362973.0,36284020.0
2008-03-12,23.47,25.38,25.38,23.38,8197349.0,139851190.0
2008-03-13,25.06,25.06,23.36,22.85,5036325.0,81352155.0
2008-03-14,22.76,23.51,22.97,22.11,2392736.0,36734125.0
2008-03-17,23.11,23.11,20.68,20.67,2230736.0,32398082.0
2008-03-18,20.64,21.05,18.65,18.62,2129331.0,27945816.0
2008-03-19,19.16,19.75,19.44,18.99,2152101.0,28342808.0
2008-03-20,19.12,20.37,20.03,17.69,2287832.0,29849938.0
2008-03-21,19.77,21.67,21.32,19.49,3597132.0,50556973.0
2008-03-24,22.11,22.38,21.39,20.78,3161305.0,46141735.0
2008-03-26,22.82,23.39,20.71,20.64,2474526.0,36055128.0
2008-03-27,20.49,20.49,19.31,19.18,1751127.0,23197200.0
2008-03-28,18.97,20.22,20.08,18.72,2521327.0,33297785.0
2008-03-31,19.31,19.68,18.75,18.71,1133832.0,14657271.0
2008-04-01,18.87,19.13,16.88,16.88,2609849.0,30389468.0
2008-04-02,16.82,17.17,15.2,15.2,1924279.0,20535032.0
2008-04-03,15.01,15.51,14.99,14.27,1655020.0,16622361.0
2008-04-07,15.23,16.5,16.5,15.23,2441129.0,26986915.0
2008-04-08,16.66,18.15,17.76,16.52,5028167.0,59684739.0
2008-04-09,17.36,17.84,16.39,16.36,2486153.0,28897359.0
2008-04-10,15.92,17.3,17.3,15.62,1721987.0,19643786.0
2008-04-11,17.32,17.91,17.42,17.28,1440124.0,17183256.0
2008-04-14,17.07,17.07,15.89,15.88,1501841.0,16646608.0
2008-04-15,15.92,16.95,16.94,15.79,1116190.0,12354442.0
2008-04-16,16.98,16.98,16.2,16.07,977620.0,10935718.0
2008-04-17,15.92,16.51,15.49,15.04,1032534.0,11003770.0
2008-04-18,15.08,15.51,14.92,14.71,922133.0,9383271.0
2008-04-21,16.21,16.41,14.98,14.81,1598860.0,16932327.0
2008-04-22,14.73,14.74,14.71,13.56,1069424.0,10301349.0
2008-04-23,14.64,15.62,15.57,14.17,1087124.0,11170884.0
2008-04-24,17.02,17.13,17.13,16.41,3407554.0,39029302.0
2008-04-25,17.08,17.76,17.08,16.54,3445449.0,40512615.0
2008-04-28,16.51,17.82,17.38,16.5,2688725.0,31727335.0
2008-04-29,17.36,17.76,17.38,16.95,1986848.0,23587426.0
2008-04-30,17.63,18.1,17.92,17.41,2635147.0,31889893.0
2008-05-05,18.13,19.31,19.28,17.73,3751294.0,47593321.0
2008-05-06,19.02,21.21,21.21,18.69,7769064.0,108604624.0
2008-05-07,21.06,21.67,19.75,19.75,5696329.0,81000467.0
2008-05-08,19.38,21.0,20.77,19.19,3579650.0,49415701.0
2008-05-09,20.8,22.67,22.11,20.67,5893445.0,86331094.0
2008-05-12,21.42,23.53,22.13,21.09,5533392.0,83757274.0
2008-05-13,21.33,23.0,22.16,20.64,5456362.0,81926927.0
2008-05-14,22.55,23.29,22.54,22.11,4739527.0,72842576.0
2008-05-15,22.51,22.55,21.96,21.52,4696441.0,69795600.0
2008-05-19,21.59,21.59,20.7,20.19,2983054.0,41960734.0
2008-05-20,20.65,21.23,18.63,18.63,3601586.0,48107719.0
2008-05-21,18.4,19.31,19.09,17.39,3218263.0,39346953.0
2008-05-22,18.84,19.55,18.82,18.41,2352874.0,30242968.0
2008-05-23,18.85,19.1,18.25,17.85,1756690.0,21878203.0
2008-05-26,17.69,18.69,18.15,17.69,1352850.0,16561230.0
2008-05-27,17.98,18.41,18.38,17.78,888583.0,10948817.0
2008-05-28,18.38,19.46,19.22,18.07,1475803.0,18879718.0
2008-05-29,19.21,19.31,18.66,18.65,1363352.0,17543298.0
2008-05-30,18.43,18.85,18.19,17.73,1170767.0,14531762.0
2008-06-02,17.86,18.78,18.44,17.86,796244.0,9937689.0
2008-06-03,18.5,18.6,18.06,17.76,913885.0,11212669.0
2008-06-04,17.95,18.28,17.87,17.76,607148.0,7386638.0
2008-06-05,17.86,18.13,17.98,17.69,540571.0,6560974.0
2008-06-06,17.85,18.23,18.01,17.85,673407.0,8234455.0
2008-06-10,17.66,17.66,16.21,16.21,1859254.0,20658207.0
2008-06-11,15.57,17.25,16.24,15.05,1278633.0,13729406.0
2008-06-12,16.07,16.72,16.46,15.77,1027318.0,11362135.0
2008-06-13,16.79,16.95,16.38,15.93,1306169.0,14707179.0
2008-06-16,16.61,16.88,16.67,15.92,1028092.0,11445926.0
2008-06-17,16.66,17.47,17.04,16.18,3360751.0,38438870.0
2008-06-18,16.88,17.92,17.82,16.07,3294598.0,38505619.0
2008-06-19,17.69,18.16,17.75,17.0,4721768.0,56469929.0
2008-06-20,17.94,19.52,18.63,16.95,7849256.0,98346848.0
2008-06-23,18.26,19.38,19.05,17.84,7216486.0,92098357.0
2008-06-24,18.69,19.9,18.16,17.69,14024485.0,180777404.0
2008-07-02,18.88,18.88,17.2,16.35,8421124.0,98911147.0
2008-07-03,16.08,17.59,16.86,16.04,6502558.0,74035005.0
2008-07-04,16.48,16.89,16.05,15.65,5164780.0,56920966.0
2008-07-07,15.89,17.05,16.82,15.74,5837162.0,65538244.0
2008-07-08,16.82,18.0,17.89,16.7,5594692.0,66307837.0
2008-07-09,18.06,19.02,18.87,18.06,5594019.0,70935677.0
2008-07-10,18.43,20.19,19.3,18.28,7512341.0,99580222.0
2008-07-11,19.3,19.9,19.77,18.87,5726653.0,75314628.0
2008-07-14,19.59,20.03,19.77,19.31,2884641.0,38530127.0
2008-07-15,19.78,20.02,18.96,18.5,3887866.0,50331533.0
2008-07-16,18.73,19.69,19.61,18.45,4938054.0,64366146.0
2008-07-17,20.05,20.56,19.74,19.41,5708968.0,77761687.0
2008-07-18,19.91,20.56,20.45,19.16,5927047.0,80127683.0
2008-07-21,20.42,21.3,20.93,19.75,6470224.0,90667882.0
2008-07-22,20.89,21.59,21.04,20.34,5290711.0,74992843.0
2008-07-23,20.9,21.15,20.31,20.21,4034359.0,56429713.0
2008-07-24,20.14,20.61,20.33,20.14,2829397.0,39111160.0
2008-07-25,20.31,20.87,20.31,20.16,2257094.0,31475130.0
2008-07-28,20.49,20.78,19.8,19.53,4217775.0,57390321.0
2008-07-29,19.43,20.05,19.65,19.34,1974573.0,26325895.0
2008-07-30,19.89,20.05,19.24,19.13,1911986.0,25164582.0
2008-07-31,19.31,20.27,20.08,19.31,5230534.0,70932137.0
2008-08-01,20.2,20.2,19.5,18.93,3321162.0,43626517.0
2008-08-04,19.35,19.35,18.1,18.06,2128687.0,26833628.0
2008-08-05,17.98,18.35,16.89,16.67,1939202.0,22906953.0
2008-08-06,16.92,17.36,16.89,16.3,1935015.0,22013266.0
2008-08-07,16.89,17.1,16.17,15.96,3041205.0,33712782.0
2008-08-08,16.21,16.57,14.71,14.61,3174350.0,33939077.0
2008-08-11,14.74,14.96,13.28,13.24,2864065.0,26770770.0
2008-08-12,13.12,13.47,13.34,12.88,1629150.0,14574542.0
2008-08-13,13.27,13.62,13.32,12.37,2127882.0,18634509.0
2008-08-14,13.32,13.62,13.49,13.12,1281520.0,11707108.0
2008-08-15,13.52,13.52,13.16,12.99,1137749.0,10229480.0
2008-08-18,13.16,13.22,11.85,11.85,1506600.0,12540102.0
2008-08-19,11.76,12.04,11.91,11.38,1226144.0,9788265.0
2008-08-20,11.82,13.09,12.97,11.35,2626761.0,22487504.0
2008-08-21,12.75,13.12,12.15,12.12,1861448.0,15880576.0
2008-08-22,12.09,12.16,11.44,11.37,2473414.0,19452674.0
2008-08-25,11.5,11.82,11.47,11.09,1516598.0,11906105.0
2008-08-26,11.14,11.64,10.61,10.47,1481236.0,11042869.0
2008-08-27,10.61,10.85,10.75,10.19,1396478.0,9938108.0
2008-08-28,10.72,11.1,11.01,10.48,1155745.0,8457597.0
2008-08-29,11.5,11.82,11.79,11.25,2598861.0,20315896.0
2008-09-01,11.51,11.62,10.95,10.75,1518050.0,11528465.0
2008-09-02,10.95,11.28,11.19,10.64,1073862.0,8073314.0
2008-09-03,11.13,11.25,10.92,10.61,1124859.0,8273039.0
2008-09-04,10.85,11.19,11.05,10.78,767006.0,5705563.0
2008-09-05,10.61,10.82,10.49,10.33,1007340.0,7192741.0
2008-09-08,10.58,10.7,9.63,9.61,1251388.0,8498545.0
2008-09-09,9.82,9.88,9.79,9.51,831105.0,5441707.0
2008-09-10,9.8,10.11,9.86,9.51,688223.0,4613624.0
2008-09-11,9.88,9.95,9.49,9.43,629550.0,4114687.0
2008-09-12,9.45,9.76,9.51,9.29,652105.0,4227542.0
2008-09-16,9.51,9.52,9.02,8.92,822211.0,5114229.0
2008-09-17,9.12,9.2,8.86,8.83,829859.0,5044861.0
2008-09-18,8.8,8.8,8.51,7.97,1640574.0,9274953.0
2008-09-19,9.33,9.36,9.36,9.15,1436898.0,9088181.0
2008-09-22,10.24,10.3,9.86,9.58,3358971.0,22739155.0
2008-09-23,9.43,9.79,9.15,9.14,2186954.0,14059079.0
2008-09-24,8.89,9.54,9.43,8.84,992378.0,6118771.0
2008-09-25,9.45,9.82,9.64,9.33,1769699.0,11508408.0
2008-09-26,9.7,9.76,9.51,9.15,2010689.0,12933486.0
2008-10-06,9.14,9.21,8.89,8.84,1427616.0,8703257.0
2008-10-07,8.55,8.89,8.8,8.48,709998.0,4194253.0
2008-10-08,8.55,8.65,8.42,8.3,765776.0,4407874.0
2008-10-09,8.58,8.64,8.42,8.37,729487.0,4194434.0
2008-10-10,8.11,8.12,7.59,7.58,1426833.0,7462178.0
2008-10-13,7.44,7.77,7.75,7.27,1074367.0,5453239.0
2008-10-14,7.83,8.08,7.59,7.55,1192830.0,6328071.0
2008-10-15,7.59,7.74,7.72,7.33,682955.0,3466969.0
2008-10-16,7.47,7.58,7.28,7.25,813970.0,4095388.0
2008-10-17,7.33,7.5,7.49,7.22,627616.0,3140294.0
2008-10-20,7.49,7.74,7.67,7.3,792535.0,4066653.0
2008-10-21,7.71,7.96,7.72,7.52,1620458.0,8516371.0
2008-10-22,7.59,8.03,7.97,7.52,2101906.0,11202607.0
2008-10-23,7.97,8.77,8.77,7.92,6368545.0,36743748.0
2008-10-24,8.77,9.12,8.4,8.4,5093966.0,30250456.0
2008-10-27,8.11,8.27,7.56,7.56,2588347.0,13497059.0
2008-10-28,7.3,7.64,7.58,6.94,2122908.0,10547490.0
2008-10-29,7.81,7.84,7.09,7.08,1780823.0,9045135.0
2008-10-30,7.19,7.47,7.24,7.06,1187000.0,5827733.0
2008-10-31,7.28,7.4,7.24,7.12,819053.0,4044452.0
2008-11-03,7.33,7.4,7.28,7.15,750073.0,3722355.0
2008-11-04,7.34,7.37,7.11,6.96,1086131.0,5280531.0
2008-11-05,7.15,7.44,7.33,7.15,1127278.0,5595228.0
2008-11-06,7.16,7.21,7.18,7.08,616095.0,2976072.0
2008-11-07,7.11,7.46,7.38,7.09,1083430.0,5392457.0
2008-11-10,7.59,7.93,7.89,7.46,1988915.0,10449252.0
2008-11-11,7.89,8.4,8.09,7.67,3082040.0,16851392.0
2008-11-12,7.96,8.33,8.24,7.83,1604566.0,8900791.0
2008-11-13,8.17,8.77,8.58,8.05,2405047.0,13850155.0
2008-11-14,8.68,8.99,8.98,8.42,3327104.0,19655868.0
2008-11-17,9.12,9.51,9.4,8.79,3381255.0,20948980.0
2008-11-18,9.29,9.4,8.46,8.46,3136272.0,18945000.0
2008-11-19,8.3,9.12,9.04,8.3,2553341.0,15067386.0
2008-11-20,8.84,9.7,9.49,8.64,4881659.0,30929030.0
2008-11-21,9.26,9.96,9.73,8.93,4852740.0,31065208.0
2008-11-24,9.61,10.64,9.96,9.6,5915723.0,40824492.0
2008-11-25,10.11,10.32,9.74,9.26,3475891.0,22876064.0
2008-11-26,9.54,9.85,9.69,9.11,4951070.0,31830976.0
2008-11-27,10.21,10.33,9.76,9.73,4498237.0,30524264.0
2008-11-28,9.76,9.82,8.92,8.83,3585285.0,22265900.0
2008-12-01,8.98,9.2,9.14,8.46,2890061.0,17372376.0
2008-12-02,8.84,9.79,9.58,8.74,3690752.0,23326564.0
2008-12-03,9.6,10.01,9.95,9.51,4400793.0,29162968.0
2008-12-04,9.92,10.61,10.01,9.85,4928150.0,34183192.0
2008-12-05,10.19,10.29,10.26,9.85,2906208.0,19883892.0
2008-12-08,10.44,11.29,11.29,10.26,8169119.0,60440144.0
2008-12-09,11.22,11.62,11.34,10.79,7198424.0,54438584.0
2008-12-10,11.2,11.42,11.16,10.85,4410295.0,33343442.0
2008-12-11,11.16,11.64,10.64,10.61,3502578.0,26603284.0
2008-12-12,10.64,10.7,9.6,9.58,4625360.0,31301016.0
2008-12-15,9.73,9.98,9.92,9.52,2706420.0,17970084.0
2008-12-16,9.86,9.96,9.92,9.21,2739901.0,17865048.0
2008-12-17,9.88,10.17,9.98,9.8,2776050.0,18870140.0
2008-12-18,10.17,10.24,10.23,9.73,2714695.0,18463896.0
2008-12-19,10.29,11.1,10.97,10.2,5954758.0,43399200.0
2008-12-22,10.98,11.25,11.22,10.72,4861460.0,36473040.0
2008-12-23,11.28,11.28,10.36,10.32,4267804.0,31311642.0
2008-12-24,10.21,10.98,10.92,10.13,5107610.0,36882932.0
2008-12-25,11.13,11.13,10.94,10.66,3141411.0,23166792.0
2008-12-26,11.37,11.48,10.6,10.58,4734070.0,35439608.0
2008-12-29,10.17,10.88,10.83,10.16,3107851.0,22445576.0
2008-12-30,10.82,11.09,10.94,10.7,3242957.0,24071732.0
2008-12-31,11.01,11.11,10.95,10.66,2287786.0,16975180.0
2009-01-05,11.05,11.5,11.38,11.05,3984025.0,30494160.0
2009-01-06,11.39,11.78,11.64,11.13,5540524.0,43163500.0
2009-01-07,11.56,11.98,11.59,11.39,4226389.0,33404960.0
2009-01-08,11.35,11.48,11.03,10.83,2785406.0,21071418.0
2009-01-09,11.07,11.44,11.35,11.07,2056500.0,15761024.0
2009-01-12,11.35,11.85,11.64,11.29,3291990.0,26100444.0
2009-01-13,11.5,11.91,11.72,11.5,3182900.0,25320498.0
2009-01-14,11.75,12.59,12.35,11.75,6178593.0,51532716.0
2009-01-15,12.22,12.48,12.34,11.94,3965474.0,32955720.0
2009-01-16,12.5,12.77,12.6,12.23,3778448.0,32000240.0
2009-01-19,13.1,13.27,12.52,12.12,4537401.0,38952236.0
2009-01-20,12.57,12.6,12.35,12.16,2049720.0,17115582.0
2009-01-21,11.96,12.34,12.23,11.94,2068754.0,17047108.0
2009-01-22,12.23,12.68,12.46,12.23,2472383.0,20892872.0
2009-01-23,12.52,12.62,12.38,12.28,1797174.0,15160348.0
2009-02-02,12.53,12.53,12.38,12.28,2198440.0,18501236.0
2009-02-03,12.38,12.6,12.57,12.26,4727118.0,39815736.0
2009-02-04,12.65,12.97,12.75,12.5,5345213.0,45961616.0
2009-02-05,12.78,12.94,12.93,12.56,4492529.0,38895212.0
2009-02-06,13.12,13.38,13.27,13.0,5411352.0,48583392.0
2009-02-09,13.28,13.66,13.44,13.07,4993015.0,45147852.0
2009-02-10,13.41,13.47,13.4,12.96,4992445.0,44701724.0
2009-02-11,13.19,14.39,13.81,13.04,7513398.0,70315016.0
2009-02-12,13.78,14.3,13.99,13.5,4652511.0,43963952.0
2009-02-13,14.05,14.28,14.12,13.78,4177465.0,39860612.0
2009-02-16,14.18,14.96,14.79,14.0,5778273.0,56753436.0
2009-02-17,14.71,14.71,13.83,13.75,4777316.0,45821508.0
2009-02-18,13.41,13.86,13.02,12.97,3126389.0,28422148.0
2009-02-19,13.12,13.4,13.24,12.85,2131100.0,19043472.0
2009-02-20,13.27,13.81,13.77,12.99,2819037.0,25868272.0
2009-02-23,13.62,15.14,15.12,13.56,8973766.0,89320560.0
2009-02-24,14.89,15.57,14.56,14.25,12500950.0,127828416.0
2009-02-25,14.58,15.02,14.34,13.81,4964888.0,48444328.0
2009-02-26,14.28,14.55,13.13,12.91,4598097.0,42933916.0
2009-02-27,13.12,13.12,12.0,11.82,4443981.0,36707248.0
2009-03-02,12.28,12.34,12.21,11.94,2431533.0,20081120.0
2009-03-03,11.79,12.44,12.25,11.44,3066343.0,24930204.0
2009-03-04,12.23,13.04,12.97,12.23,3761947.0,32463142.0
2009-03-05,13.12,13.4,13.32,12.63,4370437.0,38637448.0
2009-03-06,13.19,14.65,14.65,12.99,10600318.0,102495520.0
2009-03-09,14.45,15.24,14.22,14.15,12869843.0,129297568.0
2009-03-10,13.71,13.93,13.87,12.97,5083122.0,46481236.0
2009-03-11,14.02,14.2,13.38,13.22,4902374.0,45134240.0
2009-03-12,13.22,13.84,13.47,13.02,2729600.0,24817282.0
2009-03-13,13.61,13.61,13.03,13.0,2528851.0,22732352.0
2009-03-16,12.9,13.27,13.07,12.9,1412254.0,12524261.0
2009-03-17,13.24,13.65,13.46,13.09,2546696.0,23125644.0
2009-03-18,13.63,14.15,13.81,13.49,4329013.0,40637976.0
2009-03-19,13.72,14.2,14.0,13.4,5719866.0,53725692.0
2009-04-07,15.4,15.4,14.96,14.4,14641476.0,149334176.0
2009-04-08,14.86,14.86,14.27,14.24,7249382.0,71277576.0
2009-04-09,14.27,14.43,14.15,13.75,4583040.0,43545756.0
2009-04-10,14.17,14.8,14.58,14.17,6678957.0,65743228.0
2009-04-13,14.74,15.64,15.6,14.49,12479351.0,127941656.0
2009-04-14,15.99,17.08,16.61,15.89,15038078.0,169075760.0
2009-04-15,16.18,18.28,18.28,16.07,14983339.0,180696144.0
2009-04-16,18.57,18.87,17.89,17.82,8485864.0,105050440.0
2009-04-17,18.01,18.19,17.39,17.13,6128861.0,72852112.0
2009-04-20,17.32,18.07,17.69,17.16,3622872.0,43546632.0
2009-04-21,17.38,17.51,17.39,16.97,3852912.0,45071024.0
2009-04-22,17.54,17.91,16.35,15.77,4573363.0,52881860.0
2009-04-23,16.21,16.88,16.72,16.21,2294402.0,25699654.0
2009-04-24,16.33,16.79,16.36,15.92,4131560.0,45692712.0
2009-04-27,16.36,16.64,16.26,15.92,2407546.0,26605334.0
2009-04-28,16.36,17.17,16.98,16.08,2807338.0,31370964.0
2009-04-29,17.17,17.32,17.3,16.67,2923914.0,33802440.0
2009-04-30,17.36,17.47,17.1,17.04,2673066.0,31258198.0
2009-05-04,17.11,18.09,18.07,17.11,4577902.0,54873176.0
2009-05-05,18.12,18.48,18.29,17.91,4414792.0,54458088.0
2009-05-06,18.28,18.28,18.1,17.73,4650318.0,56699104.0
2009-05-07,18.28,18.32,17.72,17.28,4192220.0,50265132.0
2009-05-08,17.66,18.04,17.98,17.51,3824998.0,46272144.0
2009-05-11,18.2,18.22,17.28,17.25,3098447.0,37066724.0
2009-05-12,17.25,17.32,17.29,16.77,2329155.0,26892520.0
2009-05-13,17.36,18.48,17.84,17.25,4623545.0,56690136.0
2009-05-15,18.0,18.38,17.87,17.54,3612359.0,44043680.0
2009-05-18,17.54,18.38,18.35,17.47,3992368.0,48657940.0
2009-05-19,18.5,18.57,18.09,17.95,3572443.0,44037148.0
2009-05-20,18.41,19.9,19.9,17.91,14572076.0,191459440.0
2009-05-21,19.46,20.34,19.27,19.18,8309952.0,111003712.0
2009-05-22,19.25,21.08,20.61,19.16,8338343.0,115484248.0
2009-05-25,19.69,21.05,20.92,19.43,5079499.0,69420664.0
2009-05-26,20.9,21.74,20.52,20.36,6051012.0,86404680.0
2009-05-27,20.52,20.99,19.87,19.49,4691390.0,63944536.0
2009-06-01,20.21,21.18,20.62,20.08,5679905.0,80118368.0
2009-06-02,20.64,21.52,21.21,20.62,4755070.0,67974576.0
2009-06-03,21.23,21.45,20.86,20.75,2600407.0,37046492.0
2009-06-04,20.78,20.87,20.65,20.06,3028610.0,41967756.0
2009-06-05,20.49,21.08,20.62,20.49,2086831.0,29306926.0
2009-06-08,20.64,21.3,21.09,20.2,2749124.0,38962960.0
2009-06-09,21.2,21.2,21.11,20.64,1830424.0,25978448.0
2009-06-10,21.23,22.66,22.64,21.23,5575616.0,83872688.0
2009-06-11,22.41,22.55,22.13,21.96,2976078.0,44860368.0
2009-06-12,21.96,23.44,22.42,21.96,5154607.0,79895048.0
2009-06-15,22.49,23.54,23.17,22.48,2685008.0,42047516.0
2009-06-16,23.08,24.16,24.14,22.92,3791526.0,61398204.0
2009-06-17,24.14,24.19,23.72,23.17,3539548.0,56427768.0
2009-06-18,23.6,23.88,23.57,23.26,2798089.0,44658664.0
2009-06-19,23.59,23.63,23.25,22.88,2175357.0,34246388.0
2009-06-22,23.1,23.57,23.01,22.85,1730063.0,27050154.0
2009-06-23,22.73,23.27,22.92,22.11,2695258.0,41347736.0
2009-06-24,22.85,23.11,22.85,22.52,1497618.0,23195478.0
2009-06-25,22.85,23.59,22.95,22.85,1679653.0,26548820.0
2009-06-26,23.41,23.41,22.79,22.67,1225810.0,19052048.0
2009-06-29,22.79,23.0,22.69,22.33,1220536.0,18729016.0
2009-06-30,22.91,24.16,23.63,22.63,3204843.0,51271244.0
2009-07-01,23.48,23.88,23.55,23.11,1605459.0,25623764.0
2009-07-02,23.14,23.79,23.51,23.14,1393261.0,22138266.0
2009-07-03,23.53,23.53,23.23,22.98,1634107.0,25636812.0
2009-07-06,23.48,23.51,23.01,22.7,1817114.0,28301552.0
2009-07-07,23.01,23.08,22.7,22.69,1553470.0,24058744.0
2009-07-08,22.55,22.97,22.86,22.52,1278096.0,19686816.0
2009-07-09,22.85,23.48,23.38,22.71,1734343.0,27313040.0
2009-07-10,23.39,23.84,23.36,23.14,1857649.0,29557934.0
2009-07-13,23.36,23.85,23.79,23.2,2195506.0,35117416.0
2009-07-14,23.85,25.44,25.34,23.85,4510697.0,76489328.0
2009-07-15,25.34,25.72,25.35,24.91,2847753.0,48734536.0
2009-07-16,25.34,25.41,24.56,24.44,2268938.0,38290828.0
2009-07-17,24.47,24.88,24.85,24.32,1582839.0,26403992.0
2009-07-20,24.88,26.03,25.19,24.88,2407290.0,41496916.0
2009-07-21,25.21,25.4,24.06,24.03,2189672.0,36551444.0
2009-07-22,24.18,25.43,25.0,24.18,2692238.0,45576016.0
2009-07-23,24.97,25.47,25.04,24.76,1444002.0,24547312.0
2009-07-24,25.04,26.95,26.34,24.91,6027911.0,106838208.0
2009-07-27,26.22,26.93,26.45,26.09,2846090.0,51036116.0
2009-07-28,26.8,26.8,25.49,25.15,5671238.0,98645752.0
2009-07-29,25.46,25.46,22.94,22.94,6691929.0,109151910.0
2009-07-30,23.02,23.55,23.35,22.35,2791286.0,43611256.0
2009-07-31,23.51,24.47,24.09,23.44,2833553.0,46385408.0
2009-08-03,24.32,25.93,25.47,24.18,5056404.0,86355048.0
2009-08-04,25.78,26.67,26.14,25.24,4255586.0,74465712.0
2009-08-05,25.94,26.16,25.56,24.98,2749228.0,47506320.0
2009-08-06,25.32,25.32,24.29,24.26,3896141.0,65088320.0
2009-08-07,24.44,24.54,23.22,23.11,2335192.0,37730820.0
2009-08-10,23.79,23.85,23.27,22.42,1946207.0,30607090.0
2009-08-11,23.86,23.86,23.22,22.86,1297727.0,20457314.0
2009-08-12,23.22,23.42,21.82,21.74,1921283.0,29231296.0
2009-08-13,22.11,22.23,22.04,21.49,2609314.0,38714704.0
2009-08-14,21.82,22.24,21.37,21.37,1265633.0,18666924.0
2009-08-17,21.23,21.23,19.94,19.78,2374829.0,32711668.0
2009-08-18,19.9,20.34,20.27,19.4,1141002.0,15386311.0
2009-08-19,20.42,20.42,18.68,18.57,1946200.0,25732104.0
2009-08-20,18.72,19.65,19.16,18.72,2343676.0,30476212.0
2009-08-21,19.19,20.0,19.83,19.02,2265309.0,30248744.0
2009-08-24,19.84,20.15,19.84,19.5,2176395.0,29356218.0
2009-08-25,19.72,19.84,19.47,18.87,2141404.0,27983072.0
2009-08-26,19.41,20.37,20.16,19.02,2931807.0,39495852.0
2009-08-27,20.2,21.0,20.98,19.99,3834641.0,53604968.0
2009-08-28,20.95,20.95,19.8,19.75,2212966.0,30226304.0
2009-08-31,19.46,19.46,17.82,17.82,2472711.0,30906556.0
2009-09-01,17.64,17.97,17.14,16.55,2472002.0,28862204.0
2009-09-02,16.98,17.95,17.81,16.83,2290788.0,27310524.0
2009-09-03,17.72,18.59,18.57,17.39,2851399.0,34926032.0
2009-09-04,18.43,18.77,18.57,18.12,2384478.0,29933588.0
2009-09-07,18.87,18.96,18.41,18.31,6005884.0,76022368.0
2009-09-09,18.97,19.1,18.65,18.29,5358315.0,67805008.0
2009-09-10,18.65,19.27,18.9,18.51,3936562.0,50552936.0
2009-09-11,18.78,19.24,19.21,18.73,3381149.0,43647992.0
2009-09-14,19.16,19.55,19.53,19.03,3359649.0,44185396.0
2009-09-15,19.63,20.27,20.22,19.38,4557912.0,61303860.0
2009-09-16,20.65,22.1,21.4,20.64,12472283.0,180820112.0
2009-09-17,21.0,21.91,21.61,20.8,6325608.0,91820280.0
2009-09-18,21.67,22.1,20.5,20.34,5054947.0,72938440.0
2009-09-21,20.53,20.8,20.62,19.61,3143247.0,42811464.0
2009-09-22,20.58,20.58,19.74,19.66,2386584.0,32606674.0
2009-09-23,19.61,19.97,18.71,18.63,2661186.0,34566020.0
2009-09-24,18.44,19.3,18.94,18.43,2133541.0,27310654.0
2009-09-25,18.84,19.12,18.57,18.51,1346095.0,17146480.0
2009-09-28,18.43,18.85,18.03,17.84,1463479.0,18183842.0
2009-09-29,18.0,18.35,17.85,17.79,1187215.0,14501178.0
2009-09-30,17.95,18.35,18.1,17.95,977255.0,12047191.0
2009-10-09,18.65,19.27,19.21,18.43,1484577.0,19069392.0
2009-10-12,19.46,19.46,19.03,18.94,1410498.0,18297740.0
2009-10-13,19.15,19.61,19.52,19.03,1455252.0,19203006.0
2009-10-14,19.56,20.0,19.83,19.53,1885009.0,25324280.0
2009-10-15,19.99,20.05,19.62,19.47,1292044.0,17281772.0
2009-10-16,19.8,19.9,19.43,19.02,1629149.0,21398682.0
2009-10-19,19.43,19.9,19.89,19.34,2135896.0,28669968.0
2009-10-20,20.05,20.42,20.34,20.03,2845026.0,39086800.0
2009-10-21,20.34,20.46,20.16,20.02,2469086.0,33773976.0
2009-10-22,20.12,20.56,20.33,20.05,2637277.0,36345464.0
2009-10-23,20.37,21.37,21.11,20.37,3945566.0,56044644.0
2009-10-26,21.51,21.52,21.23,20.95,3031505.0,43681576.0
2009-10-27,21.08,21.08,20.25,19.9,3114945.0,43812488.0
2009-10-28,19.96,20.93,20.84,19.91,2233204.0,30939346.0
2009-10-29,20.42,20.9,20.74,20.34,2041938.0,28618922.0
2009-10-30,21.37,21.52,20.87,20.81,2198195.0,31341780.0
2009-11-02,20.34,21.46,21.46,19.91,4477831.0,64274896.0
2009-11-03,21.45,21.96,21.93,21.26,6044065.0,88791440.0
2009-11-04,21.96,22.52,22.23,21.74,4959491.0,74497864.0
2009-11-05,22.35,22.39,22.17,21.89,3400464.0,51079612.0
2009-11-06,22.41,22.63,22.21,22.11,4000986.0,60483912.0
2009-11-09,22.33,22.41,21.99,21.57,3070655.0,45785544.0
2009-11-10,22.26,22.8,22.77,21.96,4458859.0,67799240.0
2009-11-11,22.97,23.05,22.63,22.48,3676470.0,56769464.0
2009-11-12,22.92,24.9,23.3,22.92,6180285.0,99719936.0
2009-11-13,23.17,23.48,23.3,22.71,3186607.0,49868048.0
2009-11-16,23.47,23.97,23.72,23.22,3907207.0,62697832.0
2009-11-17,24.0,24.0,23.85,23.6,2373283.0,38303528.0
2009-11-18,23.98,24.29,24.26,23.79,3069067.0,50017064.0
2009-11-19,24.47,24.6,24.59,24.18,3626108.0,60086960.0
2009-11-20,24.73,24.85,24.51,24.35,2905546.0,48594048.0
2009-11-23,24.47,25.0,24.97,24.34,3445741.0,57463144.0
2009-11-24,25.09,25.18,22.98,22.77,5335946.0,86953048.0
2009-11-25,23.11,23.84,23.72,22.75,3481412.0,54953512.0
2009-11-26,23.73,23.82,21.89,21.79,4462005.0,68932792.0
2009-11-27,21.54,22.11,21.42,21.29,2647881.0,38915624.0
2009-11-30,21.62,22.21,22.13,21.62,1891320.0,28195356.0
2009-12-01,22.04,22.92,22.8,21.96,2509148.0,38418636.0
2009-12-02,23.59,23.59,23.14,22.97,2775594.0,43829440.0
2009-12-03,23.25,23.41,23.26,22.7,2302835.0,35947928.0
2009-12-04,23.22,23.39,22.54,21.86,3157052.0,48538748.0
2009-12-07,22.52,23.42,23.32,22.26,3610266.0,55849464.0
2009-12-08,23.41,23.41,22.92,22.41,3081331.0,47782292.0
2009-12-09,22.77,22.77,22.11,22.05,2347925.0,35613404.0
2009-12-10,22.32,22.49,22.42,22.18,2237837.0,33883488.0
2009-12-11,22.43,22.55,22.3,22.27,1356406.0,20632838.0
2009-12-14,22.14,22.41,22.35,21.68,1525936.0,22774596.0
2009-12-15,22.35,22.75,22.63,22.27,1973584.0,30186228.0
2009-12-16,22.71,23.08,22.79,22.63,2208854.0,34299256.0
2009-12-17,22.75,23.25,22.16,21.98,2060684.0,31637482.0
2009-12-21,21.39,21.49,21.45,20.93,1840563.0,26511852.0
2009-12-22,21.58,21.58,20.33,20.31,1348944.0,18994004.0
2009-12-23,20.43,20.73,20.55,20.33,731897.0,10178391.0
2009-12-24,20.64,21.39,21.34,20.56,1386094.0,19837276.0
2009-12-25,21.51,21.51,21.23,21.08,1280176.0,18373242.0
2009-12-28,21.23,21.59,21.52,21.17,1534069.0,22274024.0
2009-12-29,21.58,21.61,21.37,20.95,1546651.0,22320226.0
2009-12-30,21.39,21.62,21.61,21.23,1455163.0,21130812.0
2009-12-31,21.73,22.2,21.98,21.52,1844366.0,27366774.0
2010-01-04,22.86,24.03,23.48,22.77,7041643.0,111198056.0
2010-01-05,23.23,24.96,24.91,23.23,8330100.0,137317264.0
2010-01-06,24.94,25.6,24.96,24.28,6684721.0,112864280.0
2010-01-07,24.76,25.35,24.88,24.17,5780121.0,97725488.0
2010-01-08,24.76,24.88,24.57,24.03,3201360.0,52921916.0
2010-01-11,24.51,25.1,24.6,24.44,8656643.0,145431504.0
2010-01-12,24.65,25.87,25.8,24.65,7129829.0,123149237.0
2010-01-13,25.1,25.93,25.65,25.06,5641755.0,97880248.0
2010-01-14,25.57,26.3,26.11,25.57,3835662.0,67501928.0
2010-01-15,26.11,26.46,26.39,25.72,3832047.0,67766040.0
2010-01-18,26.53,27.54,27.46,26.53,4043751.0,74551520.0
2010-01-19,27.7,28.86,27.29,26.98,5808932.0,110246656.0
2010-01-20,27.31,27.84,26.08,25.87,4361246.0,79294880.0
2010-01-21,26.21,26.53,26.22,25.18,2856117.0,50175460.0
2010-01-22,25.43,26.02,25.63,25.03,1864424.0,32238804.0
2010-01-25,25.65,26.41,26.03,25.43,2043638.0,35996540.0
2010-01-26,25.8,26.43,24.47,24.44,2333164.0,40120936.0
2010-01-27,24.14,24.98,24.48,24.06,1786921.0,29669914.0
2010-01-28,24.76,24.98,24.97,24.4,1336026.0,22392338.0
2010-01-29,25.03,25.43,24.69,24.63,1773561.0,30080244.0
2010-02-01,24.5,25.59,25.31,23.84,1938103.0,32426792.0
2010-02-02,25.31,25.69,25.02,24.76,1293014.0,22174376.0
2010-02-03,25.18,25.82,25.62,24.19,2173162.0,37171336.0
2010-02-04,25.63,26.4,26.14,25.22,2297346.0,40501112.0
2010-02-05,25.44,26.53,25.66,25.24,2359233.0,41441564.0
2010-02-08,25.49,25.91,25.38,25.34,1186551.0,20560242.0
2010-02-09,25.4,25.82,25.66,25.31,898407.0,15581869.0
2010-02-10,25.88,26.21,25.9,25.52,947502.0,16584233.0
2010-02-11,26.16,26.3,25.99,25.81,1264213.0,22339840.0
2010-02-12,26.36,26.36,26.08,25.93,863705.0,15276881.0
2010-02-22,26.24,26.43,26.15,26.0,1171049.0,20875308.0
2010-02-23,26.19,26.19,25.22,25.06,1758924.0,30253952.0
2010-02-24,25.09,25.55,25.41,24.76,1484350.0,25418576.0
2010-02-25,25.3,26.45,26.37,25.27,2586751.0,45797368.0
2010-02-26,26.21,27.24,27.17,26.19,3763208.0,68466368.0
2010-03-01,27.18,27.42,27.03,26.83,2432375.0,44684064.0
2010-03-02,27.05,27.46,27.45,26.53,2441981.0,44591788.0
2010-03-03,27.42,27.52,27.09,26.87,1955979.0,36044284.0
2010-03-04,27.15,27.18,25.6,25.37,2444701.0,43738980.0
2010-03-05,25.49,25.91,25.62,25.41,1358083.0,23656256.0
2010-03-08,25.8,25.91,25.3,25.19,1194722.0,20688544.0
2010-03-09,25.46,26.73,25.97,24.91,2179774.0,37836616.0
2010-03-10,25.99,26.19,25.38,25.07,1204660.0,20871304.0
2010-03-11,25.38,25.62,25.44,25.19,876774.0,15113274.0
2010-03-12,25.43,25.74,25.38,25.28,834388.0,14422869.0
2010-03-15,25.27,25.35,24.54,24.44,1235673.0,20822372.0
2010-03-16,24.53,25.55,25.43,24.4,1140374.0,19305178.0
2010-03-17,25.63,25.9,25.75,25.06,1273504.0,22140796.0
2010-03-18,25.8,26.05,25.96,25.49,1201222.0,21041008.0
2010-03-19,26.19,26.19,25.8,25.46,1058838.0,18483428.0
2010-03-22,25.93,26.31,26.09,25.66,1212670.0,21414630.0
2010-03-23,26.11,27.05,26.49,26.11,3115403.0,56429792.0
2010-03-24,27.0,27.42,26.8,26.58,2635701.0,48221976.0
2010-03-25,27.27,27.29,26.12,26.09,2942786.0,53276336.0
2010-03-26,25.86,26.9,26.58,25.65,1869448.0,33331426.0
2010-03-29,26.58,27.12,26.77,26.58,1900428.0,34643800.0
2010-03-30,26.83,26.93,26.77,26.59,1408713.0,25566726.0
2010-03-31,26.68,26.89,26.36,26.22,1405165.0,25164488.0
2010-04-01,26.4,26.96,26.81,26.33,1646200.0,29877004.0
2010-04-02,27.15,29.48,28.94,27.15,6685433.0,128462608.0
2010-04-06,28.8,30.66,29.69,28.74,6205077.0,125366768.0
2010-04-07,29.55,30.17,29.98,28.95,3544774.0,71242952.0
2010-04-08,29.85,30.22,29.25,29.14,3193594.0,63820352.0
2010-04-09,29.26,30.07,29.58,29.07,2435534.0,48708976.0
2010-04-12,29.6,30.37,29.79,29.19,3020552.0,60951596.0
2010-04-13,29.75,29.92,28.45,27.73,3585008.0,69886576.0
2010-04-14,28.45,28.88,28.55,28.43,1420538.0,27586332.0
2010-04-16,28.57,28.82,28.41,27.95,1408366.0,27206150.0
2010-04-19,28.14,28.33,26.89,26.83,2345484.0,44189360.0
2010-04-20,26.87,27.27,27.0,26.24,2360700.0,42824580.0
2010-04-21,27.23,28.36,28.05,26.59,2232219.0,41839296.0
2010-04-22,27.86,28.58,28.05,27.74,1765171.0,33715624.0
2010-04-23,28.38,29.42,28.66,28.23,3768041.0,73811792.0
2010-04-26,28.52,28.85,28.36,28.08,3065479.0,59201996.0
2010-04-27,28.14,28.15,27.58,27.0,2278231.0,42543188.0
2010-04-28,27.27,28.27,28.04,27.27,1615400.0,30630850.0
2010-04-29,28.18,28.54,25.63,25.44,4301740.0,78759464.0
2010-04-30,25.65,26.09,24.79,23.89,2749008.0,46498492.0
2010-05-04,24.35,25.38,25.06,24.18,1087305.0,18475240.0
2010-05-05,24.62,25.72,25.6,24.2,2025052.0,34571252.0
2010-05-06,25.44,25.96,24.6,24.48,1615479.0,27802132.0
2010-05-07,24.01,24.26,23.3,23.29,2269849.0,36721240.0
2010-05-10,23.47,23.88,22.76,21.55,1978615.0,30413696.0
2010-05-11,22.97,23.33,22.07,21.96,1303091.0,20098752.0
2010-05-12,21.92,22.41,22.17,21.58,984622.0,14672443.0
2010-05-13,22.52,22.82,22.76,21.76,1170966.0,17729978.0
2010-05-14,22.52,23.59,23.26,22.27,1400305.0,21828864.0
2010-05-17,22.89,22.89,21.76,21.62,1629429.0,24560540.0
2010-05-18,21.82,22.55,22.46,21.82,1721506.0,26021376.0
2010-05-19,22.33,23.08,22.77,22.18,1339732.0,20606362.0
2010-05-20,22.52,23.26,22.48,22.42,1220801.0,18900608.0
2010-05-21,21.93,22.76,22.71,21.42,1716945.0,25941848.0
2010-05-24,22.89,23.88,23.48,22.73,1986281.0,21133476.0
2010-05-25,23.48,23.77,22.93,22.77,2785589.0,29308032.0
2010-05-26,23.0,23.19,22.57,22.29,2250807.0,23035738.0
2010-05-27,22.62,23.86,23.64,22.51,3574142.0,37671852.0
2010-05-28,23.7,25.96,25.87,23.7,7577004.0,85870080.0
2010-05-31,25.83,27.93,26.8,25.43,11378049.0,138978432.0
2010-06-01,26.31,27.09,25.43,24.96,7759377.0,90484688.0
2010-06-02,25.43,25.71,25.38,23.92,5041218.0,56575616.0
2010-06-03,25.43,26.45,25.69,25.43,5982132.0,70283464.0
2010-06-04,25.1,25.58,25.27,24.79,2590819.0,29470350.0
2010-06-07,24.76,25.3,24.9,24.32,2206380.0,24739856.0
2010-06-08,24.88,25.25,24.81,24.37,2394259.0,26956720.0
2010-06-10,25.45,26.93,26.2,25.43,8580097.0,101917736.0
2010-06-11,25.87,26.33,25.91,25.58,3957913.0,46368960.0
2010-06-17,25.91,26.53,25.8,25.6,2931299.0,34655248.0
2010-06-18,25.63,25.74,23.77,23.66,3232419.0,35884568.0
2010-06-21,23.68,24.74,24.5,23.39,2327494.0,25260644.0
2010-06-22,24.61,24.7,24.5,24.21,1700673.0,18813276.0
2010-06-23,24.43,24.43,23.86,23.44,1972750.0,21326000.0
2010-06-24,23.86,24.04,23.64,23.48,1225019.0,13172826.0
2010-06-25,23.64,24.1,23.97,23.57,1493816.0,16150401.0
2010-06-28,23.97,24.21,23.3,23.24,1496014.0,15984521.0
2010-06-29,23.33,23.44,21.6,21.45,2656805.0,26612194.0
2010-06-30,21.34,21.34,20.16,19.92,2289113.0,21012348.0
2010-07-01,20.12,20.41,19.92,19.9,1365073.0,12415773.0
2010-07-02,19.94,20.01,19.28,18.18,2517750.0,21604814.0
2010-07-05,18.82,19.1,18.79,18.46,1096196.0,9319497.0
2010-07-06,18.84,19.57,19.44,18.84,1800268.0,15720382.0
2010-07-07,19.44,20.3,20.23,19.32,2011108.0,17858636.0
2010-07-08,20.41,20.41,19.92,19.77,1775990.0,16101082.0
2010-07-09,19.94,21.16,20.96,19.68,2731567.0,25352812.0
2010-07-12,20.98,21.78,21.27,20.98,3019139.0,29180542.0
2010-07-13,21.0,21.0,20.52,20.28,1738377.0,16156364.0
2010-07-14,20.63,22.57,22.57,20.56,6004000.0,58472176.0
2010-07-15,22.53,23.42,22.46,21.89,8306609.0,85209728.0
2010-07-16,22.11,22.53,22.02,21.49,3797513.0,37675704.0
2010-07-19,21.47,22.66,22.46,21.47,3354277.0,33785132.0
2010-07-20,22.55,23.26,22.93,22.33,4030320.0,41706660.0
2010-07-21,22.97,23.44,23.17,22.6,4767732.0,49662220.0
2010-07-22,23.19,23.53,23.42,22.77,4525054.0,47413200.0
2010-07-23,23.35,23.39,22.95,22.6,2839286.0,29547150.0
2010-07-26,23.13,23.28,23.04,22.8,2464236.0,25718136.0
2010-07-27,22.93,23.04,22.69,22.66,2266530.0,23368316.0
2010-07-28,22.71,23.86,23.39,22.69,6220412.0,65837532.0
2010-07-29,23.44,23.44,23.37,22.8,5382250.0,56289440.0
2010-07-30,23.37,23.37,22.97,22.8,3202541.0,33324504.0
2010-08-02,23.22,25.27,25.27,23.13,16461761.0,185977168.0
2010-08-03,25.27,25.3,24.68,24.61,10976585.0,123676136.0
2010-08-04,24.88,24.9,24.74,24.1,6213164.0,68781904.0
2010-08-05,24.76,25.32,24.68,24.48,7241514.0,81547480.0
2010-08-06,24.63,25.05,24.96,24.1,5049071.0,56290328.0
2010-08-09,25.05,25.32,25.27,24.88,6249101.0,71074104.0
2010-08-10,25.32,25.38,23.66,23.64,6771168.0,74853392.0
2010-08-11,23.7,24.28,23.92,23.61,4183995.0,45286928.0
2010-08-12,23.57,23.99,23.33,23.24,3174171.0,33834832.0
2010-08-13,23.46,24.14,24.08,23.33,4478854.0,48215264.0
2010-08-16,24.04,25.45,25.01,23.81,9333054.0,105657232.0
2010-08-17,25.12,27.35,26.75,24.81,13036670.0,153685088.0
2010-08-18,26.64,26.64,26.29,25.56,7384672.0,87321728.0
2010-08-19,27.53,28.72,27.22,26.64,18410322.0,228225152.0
2010-08-20,26.6,27.26,26.95,26.05,9892349.0,119247808.0
2010-08-23,26.8,27.26,26.62,26.22,5653978.0,68334624.0
2010-08-24,26.6,26.93,26.62,25.89,4554702.0,54476152.0
2010-08-25,26.27,26.91,25.58,25.56,4825423.0,57036392.0
2010-08-26,25.87,26.05,25.58,25.36,3470275.0,40275784.0
2010-08-27,25.67,26.14,25.91,25.49,2743879.0,32071594.0
2010-08-30,26.14,26.64,26.49,25.91,4681997.0,55906104.0
2010-08-31,26.49,27.2,27.13,26.09,6878670.0,82620376.0
2010-09-01,27.4,27.53,27.35,26.51,9703566.0,118952384.0
2010-09-02,27.44,27.97,27.88,27.09,13949197.0,173437040.0
2010-09-03,27.79,28.59,27.2,26.67,14999804.0,185867552.0
2010-09-06,27.37,27.37,26.55,26.49,10959840.0,132771456.0
2010-09-07,26.69,26.93,26.8,26.25,5489224.0,66048360.0
2010-09-08,26.6,27.24,27.17,26.2,9376671.0,113537392.0
2010-09-09,28.24,28.46,27.59,27.26,24757316.0,311498464.0
2010-09-10,28.7,30.36,30.36,28.7,24202768.0,327117984.0
2010-09-13,31.35,33.37,31.68,31.33,43438984.0,631136064.0
2010-09-14,31.24,33.03,32.46,30.95,22507856.0,325493760.0
2010-09-15,32.04,32.33,31.44,31.18,15155768.0,217259616.0
2010-09-16,31.18,31.68,29.78,29.3,12384361.0,168739472.0
2010-09-17,30.07,30.69,29.74,29.41,9398307.0,128270536.0
2010-09-20,30.45,30.62,29.72,29.54,6850083.0,93091360.0
2010-09-21,29.81,30.29,29.05,28.52,5106940.0,67360176.0
2010-09-27,29.34,31.33,31.29,29.21,8302830.0,113570568.0
2010-09-28,30.93,31.18,30.31,30.29,8064098.0,111948328.0
2010-09-29,30.56,30.69,30.47,29.7,6316238.0,86253200.0
2010-09-30,30.47,30.95,30.82,29.85,5850647.0,80925336.0
2010-10-08,31.18,32.26,31.68,30.95,13347568.0,191583824.0
2010-10-11,32.37,32.66,31.91,30.82,15263438.0,219514816.0
2010-10-12,31.07,34.27,33.94,31.07,20728064.0,308597248.0
2010-10-13,33.43,35.36,34.32,32.97,22348532.0,346561056.0
2010-10-21,37.74,37.74,37.74,37.74,1921847.0,32805928.0
2010-10-22,39.8,40.53,36.7,36.17,36042008.0,625307648.0
2010-10-25,36.4,37.3,36.86,34.94,20436596.0,335494688.0
2010-10-26,36.64,36.86,35.8,35.6,13708784.0,223279552.0
2010-10-27,35.84,36.7,35.11,34.94,11430459.0,184728640.0
2010-10-28,35.07,35.51,35.33,34.71,6959624.0,110775680.0
2010-10-29,35.2,35.29,34.96,33.94,10756654.0,167849424.0
2010-11-01,34.58,36.66,36.2,34.58,12462608.0,203187264.0
2010-11-02,36.22,37.32,35.44,35.38,13936761.0,228579312.0
2010-11-03,35.16,35.8,34.16,34.05,7973313.0,125726416.0
2010-11-04,34.07,35.09,34.85,34.07,5135380.0,80566304.0
2010-11-05,35.27,35.47,35.18,34.52,7249462.0,114665152.0
2010-11-08,35.4,36.35,36.33,35.18,10037886.0,163189648.0
2010-11-09,36.44,36.9,36.68,36.04,10516917.0,173609648.0
2010-11-10,36.59,37.54,37.08,36.09,12011619.0,201081120.0
2010-11-11,36.75,37.28,35.93,35.82,11266433.0,187179456.0
2010-11-12,35.38,35.58,32.35,32.35,11674284.0,178044016.0
2010-11-15,32.28,32.79,31.62,31.02,10330200.0,147403536.0
2010-11-16,31.71,32.57,30.49,30.29,7375330.0,105182656.0
2010-11-18,30.27,31.75,30.8,30.27,4465768.0,62146224.0
2010-11-19,30.91,30.93,30.8,29.81,5065006.0,69502576.0
2010-11-22,30.36,31.31,31.13,30.07,4877983.0,67987208.0
2010-11-23,31.0,31.0,29.65,29.36,4220396.0,57168724.0
2010-11-24,29.41,30.29,30.18,29.3,3948201.0,53534780.0
2010-11-25,32.61,33.21,33.21,32.61,4774540.0,71584520.0
2010-11-26,35.78,35.78,34.01,33.83,25196856.0,395599808.0
2010-11-29,33.17,35.82,34.69,32.55,15499514.0,241311728.0
2010-11-30,34.05,34.56,32.26,31.35,10868397.0,160786000.0
2010-12-01,32.26,32.84,32.26,31.86,4320144.0,63398668.0
2010-12-02,32.84,32.84,32.19,32.15,4882635.0,71639696.0
2010-12-03,32.02,32.08,31.27,30.98,5114098.0,72558280.0
2010-12-06,31.33,31.73,30.54,30.43,3512927.0,48960112.0
2010-12-07,30.49,31.24,31.2,29.52,4408283.0,60228180.0
2010-12-08,30.89,31.2,30.62,30.47,3257634.0,45394820.0
2010-12-09,30.73,30.73,29.72,29.65,2809191.0,38258992.0
2010-12-10,29.41,30.73,30.47,29.32,2602726.0,35599004.0
2010-12-13,30.62,31.24,31.22,30.47,4721602.0,66072648.0
2010-12-14,31.46,31.68,31.29,31.0,4472468.0,63307016.0
2010-12-15,31.22,32.02,31.62,31.15,4858978.0,69472320.0
2010-12-16,31.62,31.82,31.04,30.95,3166347.0,44857584.0
2010-12-17,31.29,31.6,31.27,31.09,2741676.0,38822840.0
2010-12-20,31.13,31.62,30.25,29.74,4184997.0,57918720.0
2010-12-21,30.25,30.87,30.76,30.09,2313190.0,32015296.0
2010-12-22,30.87,31.55,30.89,30.65,3755472.0,52808836.0
2010-12-23,30.54,31.49,30.82,30.14,4827953.0,67631064.0
2010-12-24,30.29,30.4,29.72,29.63,2926811.0,39672480.0
2010-12-27,29.76,30.73,29.08,28.94,3095434.0,42001580.0
2010-12-28,28.99,28.99,27.68,27.66,2805138.0,35716564.0
2010-12-29,27.68,28.17,28.08,27.48,1566348.0,19703584.0
2010-12-30,27.86,28.26,27.64,27.17,2362695.0,29519608.0
2010-12-31,27.84,29.19,28.92,27.64,2820204.0,36358864.0
2011-01-04,28.94,29.56,29.36,28.79,3234896.0,42771672.0
2011-01-05,29.08,29.92,29.85,28.88,3138142.0,41922360.0
2011-01-06,29.78,29.83,29.39,29.1,2275993.0,30243992.0
2011-01-07,29.43,29.59,29.03,28.9,2387992.0,31507024.0
2011-01-10,28.99,29.19,28.99,28.79,2075238.0,27165996.0
2011-01-11,28.99,29.1,28.63,28.12,2297033.0,29777180.0
2011-01-12,28.97,29.01,28.35,28.08,1569511.0,20196600.0
2011-01-13,28.46,28.7,28.66,28.15,1905540.0,24514648.0
2011-01-14,28.52,28.61,28.04,27.84,1920587.0,24395068.0
2011-01-17,28.04,28.04,26.29,26.27,2252202.0,27494304.0
2011-01-18,26.09,26.42,26.27,26.05,1133206.0,13455962.0
2011-01-19,26.36,27.09,26.93,26.14,1559354.0,18863080.0
2011-01-20,26.95,27.17,25.87,25.83,1836123.0,22104636.0
2011-01-21,25.98,26.55,26.49,25.91,1373956.0,16366721.0
2011-01-24,26.38,26.91,26.64,26.14,1308763.0,15656993.0
2011-01-25,26.8,27.68,27.42,26.75,3323467.0,40963052.0
2011-01-26,27.24,27.64,27.46,27.2,1550285.0,19220432.0
2011-01-28,27.99,28.41,27.66,27.55,2625866.0,33146654.0
2011-01-31,27.66,27.82,27.79,27.0,2745233.0,34214912.0
2011-02-01,28.04,28.39,28.17,27.86,2106436.0,26759136.0
2011-02-09,27.86,28.02,27.53,27.2,1922708.0,24073964.0
2011-02-10,27.97,28.39,28.37,27.33,2923273.0,37084916.0
2011-02-11,28.48,29.74,29.08,28.37,4040957.0,53443272.0
2011-02-14,29.05,29.59,29.43,28.79,3969984.0,52631888.0
2011-02-15,29.47,29.63,29.21,28.96,3960358.0,52522720.0
2011-02-16,29.23,29.96,29.89,29.19,4332852.0,58266528.0
2011-02-17,29.96,30.65,30.56,29.34,5617679.0,76074080.0
2011-02-18,30.62,30.62,29.7,29.67,3642369.0,49407500.0
2011-02-21,29.61,30.16,30.09,29.43,3578567.0,48425480.0
2011-02-22,30.14,30.51,29.27,29.25,4676668.0,63273372.0
2011-02-23,29.01,30.07,30.03,28.9,4608194.0,61890704.0
2011-02-24,30.05,30.87,30.78,29.74,8201451.0,112846840.0
2011-02-25,30.49,30.62,30.36,30.03,3685125.0,50519388.0
2011-02-28,30.49,31.62,31.35,30.27,6173737.0,86674640.0
2011-03-01,31.4,31.73,31.38,30.95,5687982.0,80666824.0
2011-03-02,31.27,31.75,31.31,30.67,4180186.0,58979776.0
2011-03-03,31.42,31.73,30.6,30.51,4095243.0,57639520.0
2011-03-04,30.67,31.42,31.38,30.29,3416059.0,47787116.0
2011-03-07,31.57,33.26,32.92,31.29,14004693.0,206263648.0
2011-03-08,32.75,32.75,32.59,32.17,5740722.0,84219976.0
2011-03-09,32.57,33.15,32.84,32.15,5781869.0,85267408.0
2011-03-10,33.28,36.09,35.09,33.21,24534296.0,388780032.0
2011-03-11,34.71,37.9,36.75,34.49,27728664.0,460402496.0
2011-03-14,36.46,37.3,36.81,35.55,15889104.0,261171296.0
2011-03-15,36.24,37.55,35.98,34.94,14839501.0,242873760.0
2011-03-16,35.64,37.37,36.55,35.53,15470646.0,256371152.0
2011-03-17,35.84,37.26,36.35,35.13,14457231.0,237719600.0
2011-03-18,36.35,37.15,35.18,35.11,12987543.0,210866352.0
2011-03-21,35.18,35.33,33.81,33.56,8833472.0,136051760.0
2011-03-22,34.03,34.83,34.67,33.28,7354805.0,113585872.0
2011-03-23,34.52,35.02,34.67,34.05,6838181.0,106964136.0
2011-03-24,34.67,36.48,36.31,34.23,14688009.0,236237056.0
2011-03-25,35.82,37.1,36.2,35.66,10676945.0,175282048.0
2011-03-28,36.42,37.48,37.26,35.82,14734169.0,245446416.0
2011-03-29,36.93,38.14,35.29,35.11,15792360.0,261211536.0
2011-03-30,35.16,35.16,34.16,33.83,8123132.0,126464368.0
2011-03-31,34.05,34.76,33.94,33.54,4988757.0,77035296.0
2011-04-01,33.83,35.71,35.24,33.83,6769178.0,106597120.0
2011-04-06,34.71,35.07,34.52,34.05,6334496.0,98513888.0
2011-04-07,34.54,35.07,34.74,34.07,5127801.0,80433976.0
2011-04-08,34.89,36.04,35.91,34.71,8707878.0,140324656.0
2011-04-11,36.0,36.11,35.31,35.2,6882777.0,110879192.0
2011-04-12,35.16,36.22,35.64,34.43,7327028.0,117534576.0
2011-04-13,35.0,35.29,35.2,34.41,5138969.0,80890576.0
2011-04-14,35.11,38.14,37.35,34.74,20001468.0,333163456.0
2011-04-15,36.93,38.65,38.43,36.7,24124184.0,413549696.0
2011-04-18,38.47,39.03,38.12,37.57,15351877.0,264548464.0
2011-04-19,37.59,37.83,36.22,36.11,13580694.0,224995808.0
2011-04-20,35.84,36.75,35.42,35.22,9995739.0,162168800.0
2011-04-21,35.62,35.93,35.05,34.67,9736941.0,154196112.0
2011-04-22,35.16,35.6,34.52,34.32,6202866.0,97795152.0
2011-04-25,34.47,34.47,33.26,33.19,5844192.0,88982392.0
2011-04-27,32.9,33.45,32.46,32.1,5209995.0,77551872.0
2011-04-28,32.68,32.92,31.8,31.68,3652140.0,53303644.0
2011-04-29,31.2,32.72,32.55,31.2,3919112.0,57410880.0
2011-05-03,32.9,33.61,33.43,32.5,4555115.0,68421992.0
2011-05-04,33.39,33.43,31.6,31.44,4366983.0,63717272.0
2011-05-05,31.38,31.38,30.89,30.62,2983940.0,41724284.0
2011-05-06,30.51,31.95,31.46,30.07,3825250.0,54216984.0
2011-05-09,31.35,31.95,31.46,31.09,3235168.0,45986280.0
2011-05-10,31.66,32.52,32.28,31.27,3964265.0,57577624.0
2011-05-11,32.5,33.37,32.24,32.06,5074709.0,75286248.0
2011-05-12,31.62,31.84,31.09,30.96,3895386.0,55273524.0
2011-05-13,31.11,31.62,31.46,30.87,2593428.0,36692688.0
2011-05-16,31.51,31.8,31.6,31.24,1898832.0,27117388.0
2011-05-17,31.73,32.17,31.73,30.76,3007386.0,42854032.0
2011-05-18,31.73,32.86,32.79,31.35,4221129.0,61721964.0
2011-05-19,32.9,32.97,32.04,31.97,2354003.0,33851104.0
2011-05-20,32.04,32.2,31.41,31.23,3090238.0,43120220.0
2011-05-23,31.38,31.38,29.4,29.31,3718069.0,49502064.0
2011-05-24,29.42,29.94,29.83,29.15,1898682.0,24876864.0
2011-05-25,30.03,30.14,29.01,28.72,2107480.0,27520840.0
2011-05-27,29.24,29.24,28.04,27.64,2799097.0,35088880.0
2011-05-30,27.91,28.07,27.18,27.12,2005140.0,24498944.0
2011-05-31,27.23,28.09,27.98,27.21,1321774.0,16234402.0
2011-06-01,28.0,28.79,28.43,27.77,2018204.0,25452732.0
2011-06-02,27.91,28.27,28.02,27.16,1877125.0,23142028.0
2011-06-03,28.04,28.61,28.47,27.68,1849864.0,23218316.0
2011-06-07,28.34,28.99,28.88,28.07,2068632.0,26316174.0
2011-06-08,28.79,29.31,29.15,28.38,2206024.0,28222900.0
2011-06-09,29.35,29.35,28.9,28.49,2229211.0,28566676.0
2011-06-10,28.97,29.1,28.61,27.95,3426577.0,43021840.0
2011-06-13,28.16,28.27,27.88,27.73,2592030.0,32141840.0
2011-06-14,28.09,28.97,28.88,27.95,2765886.0,35094392.0
2011-06-15,28.83,31.77,31.77,28.68,14344314.0,197948560.0
2011-06-16,31.27,32.22,30.77,30.62,13043086.0,181706560.0
2011-06-17,30.25,31.52,30.19,29.89,6649764.0,89979064.0
2011-06-20,30.46,31.16,31.11,29.8,6161584.0,83210496.0
2011-06-21,31.18,31.61,31.45,30.5,5854802.0,80523080.0
2011-06-22,31.16,31.27,30.68,30.48,4578357.0,62503364.0
2011-06-23,30.5,31.38,31.34,30.14,4949934.0,67489136.0
2011-06-24,30.95,32.06,31.59,30.93,7831693.0,109598000.0
2011-06-27,31.72,32.22,31.99,31.38,5322477.0,74979120.0
2011-06-28,32.04,32.04,31.47,31.27,4077181.0,56944676.0
2011-06-29,31.68,31.68,30.59,30.53,4632099.0,63719956.0
2011-06-30,31.5,33.37,32.33,31.45,12310159.0,177632112.0
2011-07-01,32.06,33.37,32.94,31.99,10254369.0,148158352.0
2011-07-04,32.92,33.3,33.24,32.74,7795249.0,114056504.0
2011-07-05,33.1,33.64,33.26,32.76,6098772.0,89552136.0
2011-07-06,33.19,33.39,32.76,32.47,4641123.0,67373328.0
2011-07-07,32.74,33.21,32.63,32.51,5269572.0,76839632.0
2011-07-08,32.51,32.9,32.2,32.06,3553430.0,51003200.0
2011-07-11,32.29,32.63,32.45,32.15,3159437.0,45331892.0
2011-07-12,32.02,32.06,31.07,30.98,5250829.0,73146544.0
2011-07-13,31.27,31.63,31.63,31.07,3085890.0,42978048.0
2011-07-14,31.63,34.79,34.75,31.63,14251359.0,210044096.0
2011-07-15,34.09,34.97,34.16,33.69,14486547.0,219357056.0
2011-07-18,33.98,34.14,33.84,33.53,8436682.0,126291544.0
2011-07-19,33.64,33.76,33.6,32.97,3775696.0,55828512.0
2011-07-20,33.76,34.52,33.76,33.3,5957139.0,89788360.0
2011-07-21,33.87,33.96,32.87,32.65,4080014.0,59760912.0
2011-07-25,32.87,32.97,31.18,30.71,4322940.0,60592888.0
2011-07-26,31.16,31.54,31.5,30.48,2394211.0,33122202.0
2011-07-27,31.47,32.74,32.13,30.93,3055735.0,42997964.0
2011-07-28,31.61,31.81,31.68,31.14,2101198.0,29330864.0
2011-07-29,31.43,31.84,31.27,31.14,1707270.0,23749352.0
2011-08-01,31.34,32.13,31.81,31.29,2617987.0,36966812.0
2011-08-02,31.61,31.66,31.45,30.62,2466176.0,33953644.0
2011-08-03,31.11,31.88,31.41,30.82,1847573.0,25660220.0
2011-08-04,31.41,31.9,31.79,31.41,2380595.0,33454540.0
2011-08-05,30.48,31.02,30.37,29.58,2834841.0,38386392.0
2011-08-08,30.75,31.43,29.01,28.47,5641912.0,74913632.0
2011-08-09,27.88,29.71,29.31,27.32,3732591.0,47345956.0
2011-08-10,29.58,30.25,29.65,29.49,3762989.0,49869260.0
2011-08-11,28.79,30.14,30.03,28.43,2676886.0,35113708.0
2011-08-12,30.25,30.84,30.21,30.03,2984851.0,40199312.0
2011-08-15,31.16,31.16,30.71,30.39,3354524.0,45617580.0
2011-08-16,30.98,31.05,30.3,30.16,2628224.0,35488808.0
2011-08-17,30.25,30.82,30.59,29.58,2843692.0,38141008.0
2011-08-18,30.55,30.68,29.94,29.92,1757617.0,23486568.0
2011-08-19,29.46,29.69,29.51,29.17,1950100.0,25414424.0
2011-08-22,29.51,29.96,29.33,29.24,1548845.0,20249030.0
2011-08-23,29.46,29.74,29.69,29.08,1637138.0,21327532.0
2011-08-24,30.07,30.07,29.26,29.22,1723810.0,22663154.0
2011-08-25,29.35,30.25,30.07,29.13,2695601.0,35551816.0
2011-08-26,29.96,30.62,30.32,29.87,2567918.0,34423288.0
2011-08-29,30.07,30.21,29.62,29.58,2288232.0,30179586.0
2011-08-30,29.98,30.14,29.44,29.31,2172649.0,28661752.0
2011-08-31,29.26,29.67,29.24,28.86,1924798.0,24891678.0
2011-09-01,29.33,29.51,29.06,28.86,1131766.0,14622417.0
2011-09-02,28.88,29.13,28.65,28.47,1070089.0,13615763.0
2011-09-05,28.43,28.43,28.0,27.84,1077999.0,13399075.0
2011-09-06,27.77,28.27,27.77,27.68,1171827.0,14479642.0
2011-09-07,28.2,28.63,28.54,27.79,1480430.0,18523732.0
2011-09-08,28.7,28.95,28.11,28.11,1681959.0,21292506.0
2011-09-09,28.11,28.38,28.13,27.77,1060378.0,13192349.0
2011-09-13,27.59,27.82,27.55,27.43,874682.0,10705697.0
2011-09-14,28.0,28.0,27.93,27.32,1143038.0,14037585.0
2011-09-15,28.04,28.36,27.93,27.88,1140345.0,14185425.0
2011-09-16,28.09,28.7,28.18,27.95,1486855.0,18608728.0
2011-09-19,28.13,28.43,27.91,27.88,1686276.0,21049500.0
2011-09-20,27.66,28.34,28.27,27.59,1395920.0,17371624.0
2011-09-21,28.22,29.44,29.28,28.18,3517987.0,45164792.0
2011-09-22,28.97,29.31,28.43,28.4,2444877.0,31239844.0
2011-09-23,27.79,28.4,27.91,27.7,1812664.0,22462368.0
2011-09-26,27.91,28.11,27.36,27.36,1583285.0,19403068.0
2011-09-27,27.79,27.93,27.68,27.36,1257884.0,15404607.0
2011-09-28,28.0,28.0,26.78,26.75,1857584.0,22370848.0
2011-09-29,26.53,26.78,24.93,24.57,1982234.0,22584722.0
2011-09-30,25.02,25.33,25.27,24.68,1209472.0,13438562.0
2011-10-10,25.33,25.85,25.06,24.97,746421.0,8347370.0
2011-10-11,25.74,25.92,24.79,24.61,1070141.0,12024541.0
2011-10-12,24.84,25.94,25.81,24.45,1949579.0,22067076.0
2011-10-13,25.81,26.08,25.88,25.74,1306155.0,14991078.0
2011-10-14,25.9,26.12,25.81,25.63,728824.0,8344394.0
2011-10-17,26.03,26.28,25.96,25.6,971054.0,11146026.0
2011-10-18,25.78,26.05,25.02,24.93,1492555.0,16848570.0
2011-10-19,25.18,25.29,24.95,24.81,726232.0,8045400.0
2011-10-20,24.9,25.02,23.75,23.3,1249210.0,13330815.0
2011-10-21,23.62,24.02,23.3,23.23,765451.0,7976169.0
2011-10-24,23.3,23.86,23.75,23.26,834342.0,8715148.0
2011-10-25,23.75,24.41,24.29,23.5,1430948.0,15280811.0
2011-10-26,24.14,24.88,24.68,24.0,2345856.0,25594188.0
2011-10-27,24.7,25.63,24.99,24.59,2566624.0,28396112.0
2011-10-28,24.97,25.45,25.29,24.95,2573252.0,28705136.0
2011-10-31,25.29,25.38,24.97,24.79,1904069.0,21139980.0
2011-11-01,24.7,25.06,24.9,24.61,1509124.0,16602017.0
2011-11-02,24.5,25.15,25.13,24.14,2264615.0,24654712.0
2011-11-03,25.29,25.85,25.65,25.02,3773639.0,42658284.0
2011-11-04,25.74,26.1,25.85,25.51,2762119.0,31520476.0
2011-11-07,25.9,26.28,26.1,25.6,2796356.0,32248760.0
2011-11-08,26.17,26.96,26.73,26.05,5680823.0,66767676.0
2011-11-09,26.73,27.3,27.07,26.26,4599665.0,54481048.0
2011-11-10,26.71,27.73,26.55,26.53,6906138.0,82247808.0
2011-11-11,26.55,27.05,26.19,26.05,3329798.0,38896856.0
2011-11-14,26.53,26.82,26.82,26.24,2563139.0,30195556.0
2011-11-15,26.82,27.05,26.8,26.69,2639374.0,31373356.0
2011-11-17,26.03,26.48,26.21,25.94,2027333.0,23479068.0
2011-11-18,26.05,26.05,25.06,24.95,1772413.0,19912008.0
2011-11-21,25.13,25.13,24.79,24.23,1233274.0,13449777.0
2011-11-22,24.52,24.81,24.72,24.34,765848.0,8334235.0
2011-11-23,24.72,25.06,24.66,24.57,826915.0,9052416.0
2011-11-24,24.5,24.81,24.41,24.2,1003285.0,10872890.0
2011-11-25,24.61,24.81,24.54,24.32,727568.0,7927570.0
2011-11-28,24.36,24.72,24.7,24.34,694819.0,7554452.0
2011-11-29,24.88,25.2,25.11,24.72,1188170.0,13155062.0
2011-11-30,25.06,25.11,23.86,23.37,1461700.0,15641059.0
2011-12-01,24.61,24.75,24.25,24.16,1556485.0,16906834.0
2011-12-02,24.18,24.39,24.16,23.77,1383391.0,14692031.0
2011-12-05,23.73,24.07,23.26,23.23,869476.0,9043985.0
2011-12-06,23.26,23.66,23.62,22.83,986152.0,10232371.0
2011-12-07,23.57,25.4,24.95,23.44,4145649.0,44896388.0
2011-12-08,24.61,24.9,24.41,24.18,3152729.0,34086056.0
2011-12-09,24.18,24.23,23.57,23.48,1284146.0,13574548.0
2011-12-12,23.62,23.91,23.39,23.26,852589.0,8877131.0
2011-12-13,23.23,23.57,22.56,22.56,1140645.0,11618474.0
2011-12-14,22.56,22.78,21.81,21.74,906808.0,8934800.0
2011-12-15,21.47,21.68,20.21,19.91,2298769.0,20924164.0
2011-12-16,20.32,20.93,20.89,20.14,986521.0,8970151.0
2011-12-19,20.89,20.89,20.73,20.09,806479.0,7331489.0
2011-12-20,20.77,21.09,20.75,20.59,663497.0,6118511.0
2011-12-21,20.93,21.04,20.12,20.0,603497.0,5522517.0
2011-12-22,19.87,20.0,19.46,18.63,1099000.0,9398780.0
2011-12-23,19.39,19.94,19.6,19.19,590660.0,5135460.0
2011-12-26,19.39,19.85,19.44,19.19,395682.0,3434476.0
2011-12-27,19.39,19.57,18.76,18.67,668673.0,5652750.0
2011-12-29,18.76,19.15,18.83,18.56,706704.0,5932027.0
2011-12-30,19.01,19.37,19.3,18.85,633853.0,5391484.0
2012-01-04,19.37,19.87,19.03,19.03,759109.0,6524665.0
2012-01-05,18.97,18.97,18.49,18.13,756712.0,6218912.0
2012-01-06,18.58,18.7,18.45,17.84,811459.0,6535874.0
2012-01-09,18.4,19.76,19.6,18.18,1484167.0,12556882.0
2012-01-10,19.42,20.68,20.59,19.42,2044934.0,18199032.0
2012-01-11,20.66,20.89,20.43,20.23,1859758.0,16899158.0
2012-01-12,20.32,21.04,20.5,20.0,1639164.0,14971307.0
2012-01-13,20.61,20.73,19.76,19.69,1603915.0,14262281.0
2012-01-16,19.46,20.0,19.21,19.08,739486.0,6401354.0
2012-01-17,19.21,20.55,20.48,19.15,1206532.0,10702397.0
2012-01-18,20.55,20.95,20.32,20.27,1505503.0,13720161.0
2012-01-19,20.32,20.7,20.52,20.09,1216068.0,11011975.0
2012-01-20,20.55,20.68,20.59,20.46,861182.0,7850802.0
2012-01-30,20.8,20.86,20.43,20.37,1133148.0,10343013.0
2012-01-31,20.32,20.61,20.43,20.07,711045.0,6410284.0
2012-02-01,20.43,20.59,20.25,20.12,630333.0,5670693.0
2012-02-02,20.46,20.61,20.55,20.09,1109103.0,10081385.0
2012-02-03,20.39,20.98,20.84,20.34,1580320.0,14529428.0
2012-02-06,20.98,21.38,20.98,20.84,1542139.0,14429586.0
2012-02-07,20.84,20.84,20.57,20.41,983643.0,8955512.0
2012-02-08,20.57,21.34,21.29,20.46,1685639.0,15642552.0
2012-02-09,21.36,21.45,21.29,21.09,1979214.0,18643412.0
2012-02-10,21.29,22.53,22.22,21.16,5670337.0,55259804.0
2012-02-13,22.17,24.39,24.0,21.83,8985345.0,93073896.0
2012-02-14,23.71,24.5,23.44,23.3,8051475.0,84050696.0
2012-02-15,23.23,23.59,23.5,22.8,4835484.0,49616392.0
2012-02-16,23.37,23.46,23.14,22.89,2329243.0,23878012.0
2012-02-17,23.16,23.19,23.03,22.58,1851922.0,18773746.0
2012-02-20,23.23,23.37,22.92,22.92,2046817.0,20997096.0
2012-02-21,22.71,23.14,23.12,22.49,1979326.0,20038596.0
2012-02-22,23.19,23.41,23.35,23.07,2788276.0,28785866.0
2012-02-23,23.35,23.77,23.44,23.19,2900657.0,30215660.0
2012-02-24,23.39,23.64,23.46,23.37,2666085.0,27765180.0
2012-02-27,23.53,23.96,23.48,23.44,3314752.0,34845104.0
2012-02-28,23.37,23.44,23.07,22.8,2317336.0,23654988.0
2012-02-29,23.01,23.46,22.89,22.83,1746317.0,17948940.0
2012-03-01,22.85,23.21,22.94,22.76,1307697.0,13321935.0
2012-03-02,22.94,23.71,23.57,22.94,2047413.0,21235960.0
2012-03-05,23.64,24.05,23.53,23.48,2297478.0,24169472.0
2012-03-06,23.5,23.57,23.39,23.14,1343771.0,13877915.0
2012-03-07,23.19,23.41,23.3,23.03,1160599.0,11950113.0
2012-03-08,23.44,24.36,23.93,23.37,4603580.0,48982688.0
2012-03-09,23.84,24.14,24.07,23.8,2520801.0,26775300.0
2012-03-12,24.07,24.61,24.25,23.84,2984259.0,32017222.0
2012-03-13,24.23,24.41,24.39,23.89,2521735.0,27009728.0
2012-03-14,24.45,24.59,22.85,22.29,4479867.0,46879396.0
2012-03-15,22.65,23.03,22.49,22.38,2194360.0,22048192.0
2012-03-16,22.78,23.14,23.03,22.53,1627568.0,16493147.0
2012-03-19,23.05,23.32,23.28,22.8,1911309.0,19500192.0
2012-03-20,23.14,23.35,22.58,22.58,1723841.0,17421076.0
2012-03-21,22.58,23.14,22.89,22.31,1968970.0,19897492.0
2012-03-22,22.98,22.98,22.69,22.46,1611878.0,16179986.0
2012-03-23,22.58,22.8,22.24,22.06,1393562.0,13781603.0
2012-03-27,22.38,22.78,22.29,22.24,1391061.0,13872670.0
2012-03-28,22.35,22.35,20.89,20.05,2141870.0,20237040.0
2012-03-29,20.77,20.89,20.3,20.16,1193717.0,10838359.0
2012-03-30,20.64,20.64,19.96,19.64,1330821.0,11777904.0
2012-04-05,20.09,20.95,20.8,19.94,1518738.0,13939105.0
2012-04-06,20.82,21.18,20.91,20.66,1058418.0,9837851.0
2012-04-09,20.7,21.63,21.18,20.7,1457452.0,13701055.0
2012-04-10,21.7,22.94,22.13,21.65,5322481.0,52338072.0
2012-04-11,21.72,22.15,21.92,21.65,1921783.0,18605664.0
2012-04-12,21.81,22.33,22.13,21.74,3809272.0,37299248.0
2012-04-13,22.13,22.92,22.71,22.13,4069869.0,40585252.0
2012-04-16,22.56,22.67,22.51,22.24,1798901.0,17917488.0
2012-04-17,22.56,22.58,22.06,22.04,1720011.0,16972928.0
2012-04-18,22.24,22.71,22.6,22.13,2601209.0,25958584.0
2012-04-19,22.6,23.26,22.78,22.51,2909285.0,29572312.0
2012-04-20,22.87,23.12,23.01,22.6,2051524.0,20789140.0
2012-04-23,23.01,23.19,22.74,22.6,1566676.0,15820609.0
2012-04-24,22.74,23.16,23.14,21.95,4195924.0,42271092.0
2012-04-25,23.14,23.57,23.35,22.78,3630241.0,37356680.0
2012-04-26,23.48,23.64,23.26,23.07,1682896.0,17388000.0
2012-04-27,23.03,23.21,22.8,22.67,2274068.0,23064036.0
2012-05-02,22.92,23.59,23.32,22.92,2417304.0,24908912.0
2012-05-03,23.3,24.34,24.29,23.1,4870951.0,51704208.0
2012-05-04,24.16,24.75,24.41,23.84,3543256.0,38190488.0
2012-05-07,24.16,24.36,24.23,23.86,2049815.0,21892112.0
2012-05-08,24.0,24.72,24.41,23.96,2107070.0,22771856.0
2012-05-09,24.16,24.16,24.02,23.71,2113484.0,22390170.0
2012-05-10,23.89,24.27,23.98,23.84,1423787.0,15170446.0
2012-05-11,24.05,24.16,23.46,23.39,1518476.0,16003962.0
2012-05-14,23.91,23.93,23.16,23.16,1308700.0,13632032.0
2012-05-15,22.89,22.98,22.92,22.6,1300612.0,13118186.0
2012-05-16,22.85,23.1,22.74,22.6,863958.0,8750388.0
2012-05-18,23.01,23.23,22.58,22.56,1652951.0,16757422.0
2012-05-21,22.46,22.8,22.53,22.06,1144226.0,11369720.0
2012-05-22,22.62,22.96,22.89,22.62,1129893.0,11422307.0
2012-05-23,22.89,23.03,22.83,22.65,1141590.0,11544710.0
2012-05-24,22.69,23.1,22.65,22.65,705985.0,7132838.0
2012-05-25,22.89,22.89,22.42,22.4,625901.0,6269470.0
2012-05-29,22.8,23.3,23.12,22.71,2157698.0,22048762.0
2012-05-30,23.21,23.23,22.94,22.78,1473358.0,14976391.0
2012-05-31,22.8,22.98,22.78,22.74,1077894.0,10898193.0
2012-06-01,22.62,23.05,22.92,22.62,741690.0,7519064.0
2012-06-04,22.35,22.58,21.79,21.77,1602592.0,15785157.0
2012-06-05,21.86,22.31,21.47,21.43,938209.0,9038621.0
2012-06-06,21.68,21.79,21.47,21.36,680761.0,6477192.0
2012-06-07,23.03,23.62,23.14,22.69,7147313.0,73338552.0
2012-06-08,23.26,23.26,22.51,22.1,3899328.0,39151648.0
2012-06-11,22.56,22.67,22.51,21.9,2316082.0,22868832.0
2012-06-12,22.49,22.76,22.53,22.17,1982538.0,19813576.0
2012-06-13,22.52,23.14,22.76,22.52,1857032.0,10921428.0
2012-06-14,22.56,22.56,21.94,21.94,3237584.0,18522612.0
2012-06-15,21.98,22.1,21.75,21.55,1764761.0,9923242.0
2012-06-18,22.02,22.29,21.94,21.9,2525156.0,14365124.0
2012-06-19,22.14,22.99,22.52,22.02,5398759.0,31469472.0
2012-06-20,22.6,22.72,22.33,22.14,2252399.0,12967961.0
2012-06-21,22.33,22.48,21.86,21.79,1756456.0,9934799.0
2012-06-25,21.9,21.98,21.44,21.4,1247576.0,6964841.0
2012-06-26,21.55,21.55,21.4,20.74,1233639.0,6712336.0
2012-06-27,21.4,21.52,20.86,20.82,1213395.0,6624544.0
2012-06-28,20.93,21.28,20.12,20.08,2471008.0,13162734.0
2012-06-29,19.77,20.24,19.85,19.62,2905983.0,14883327.0
2012-07-02,20.16,20.24,19.93,19.81,2439197.0,12565112.0
2012-07-03,19.96,20.12,19.96,19.62,1962895.0,10103490.0
2012-07-04,19.96,20.08,19.85,19.77,1451290.0,7455983.0
2012-07-05,19.85,20.04,19.93,19.69,1594094.0,8185915.0
2012-07-06,19.93,20.47,20.31,19.69,2455256.0,12743731.0
2012-07-09,20.28,20.28,19.66,19.62,1518511.0,7797863.0
2012-07-10,19.66,19.77,19.46,19.31,1189902.0,5982215.0
2012-07-11,19.5,19.77,19.54,19.27,928018.0,4690874.0
2012-07-12,19.54,20.28,20.08,19.34,2280269.0,11748184.0
2012-07-13,20.12,20.12,19.73,19.66,1401845.0,7179016.0
2012-07-16,19.73,19.77,19.11,19.04,1619035.0,8091336.0
2012-07-17,19.15,19.19,19.15,18.96,1052129.0,5182172.0
2012-07-18,19.19,19.27,19.19,18.88,1003765.0,4934732.0
2012-07-19,19.19,19.66,19.5,19.19,1456573.0,7335056.0
2012-07-20,19.5,19.62,19.31,19.27,1038826.0,5198802.0
2012-07-23,19.23,19.34,19.19,18.96,811315.0,3998244.0
2012-07-24,18.96,19.5,19.27,18.92,862535.0,4269959.0
2012-07-25,19.27,19.85,19.42,19.07,1536473.0,7721654.0
2012-07-26,19.38,19.54,19.15,19.07,1059532.0,5291878.0
2012-07-27,19.27,19.42,19.19,19.07,725688.0,3595559.0
2012-07-30,19.27,19.27,18.76,18.65,911869.0,4461548.0
2012-07-31,18.76,19.04,18.57,18.53,832796.0,4026817.0
2012-08-01,18.53,18.8,18.8,18.41,648035.0,3132205.0
2012-08-02,18.61,18.84,18.41,18.38,699317.0,3351285.0
2012-08-03,18.49,18.88,18.76,18.41,822983.0,3967178.0
2012-08-06,18.76,19.23,19.19,18.73,2018045.0,9871108.0
2012-08-07,19.23,19.5,19.46,19.04,1764880.0,8781924.0
2012-08-08,19.5,21.4,21.17,19.27,10068411.0,54002168.0
2012-08-09,21.13,21.25,20.97,20.59,4872990.0,26327448.0
2012-08-10,21.13,21.59,21.25,20.7,4754459.0,26055664.0
2012-08-13,21.13,21.13,20.35,20.2,2376979.0,12655732.0
2012-08-14,20.39,20.66,20.47,19.96,1465398.0,7659065.0
2012-08-15,20.47,20.47,20.04,20.04,1498059.0,7810053.0
2012-08-16,20.08,20.2,19.93,19.93,876859.0,4537635.0
2012-08-17,19.93,20.12,19.96,19.62,922263.0,4719010.0
2012-08-20,19.89,19.93,19.85,19.5,771942.0,3918330.0
2012-08-21,19.89,20.2,20.2,19.77,956358.0,4955622.0
2012-08-22,20.16,20.43,20.0,19.85,1241395.0,6461900.0
2012-08-23,20.04,20.43,20.35,20.0,1688179.0,8793091.0
2012-08-24,20.24,20.24,19.46,19.38,2348485.0,11887133.0
2012-08-27,19.42,19.42,18.38,18.3,1394685.0,6773174.0
2012-08-28,18.57,18.65,18.49,18.14,1498288.0,7118583.0
2012-08-29,18.57,18.57,18.07,18.03,1618526.0,7620322.0
2012-08-30,17.87,18.22,17.83,17.64,1285314.0,5928180.0
2012-08-31,17.76,18.07,18.03,17.72,651970.0,3013811.0
2012-09-03,18.07,18.26,18.18,17.48,1314573.0,6111471.0
2012-09-04,18.14,18.26,17.91,17.76,1040608.0,4841835.0
2012-09-05,17.68,18.03,17.95,17.56,772660.0,3561876.0
2012-09-06,17.95,18.18,18.18,17.91,970011.0,4514778.0
2012-09-07,18.22,19.19,18.88,18.22,2407861.0,11670222.0
2012-09-10,18.88,19.5,19.23,18.73,2228330.0,11057834.0
2012-09-11,19.23,19.38,19.23,18.92,1708683.0,8429686.0
2012-09-12,19.34,19.5,19.31,19.11,1401524.0,6980507.0
2012-09-13,19.34,20.74,19.81,19.23,4196773.0,21693082.0
2012-09-14,19.81,20.08,19.96,19.69,2656145.0,13582850.0
2012-09-17,19.96,20.16,19.27,19.23,2129236.0,10812392.0
2012-09-18,19.34,19.34,19.15,19.0,904319.0,4456312.0
2012-09-19,19.04,19.23,19.0,18.8,1223106.0,5986785.0
2012-09-20,19.0,19.11,18.3,18.22,1254623.0,6008110.0
2012-09-21,18.41,18.69,18.22,18.07,1661491.0,7872674.0
2012-09-24,18.1,18.22,18.22,17.6,2486016.0,11463946.0
2012-09-25,18.22,18.22,17.79,17.76,1304012.0,6058534.0
2012-09-26,18.03,18.03,17.14,16.9,2614272.0,11668696.0
2012-09-27,17.14,17.56,17.41,16.75,3591172.0,15894028.0
2012-09-28,17.33,17.72,17.64,17.1,2613190.0,11751565.0
2012-10-08,17.64,17.76,17.52,17.33,1568710.0,7085087.0
2012-10-09,17.64,18.45,18.3,17.56,3257677.0,15106690.0
2012-10-10,18.22,18.45,18.38,18.07,2135682.0,10080832.0
2012-10-11,18.38,18.49,17.95,17.87,1672365.0,7820607.0
2012-10-12,18.03,18.22,17.95,17.68,1155969.0,5365793.0
2012-10-15,17.87,18.1,17.95,17.79,910574.0,4220636.0
2012-10-16,17.72,18.18,17.91,17.72,1169422.0,5407817.0
2012-10-17,18.03,18.26,18.22,17.83,1380059.0,6437069.0
2012-10-18,18.22,18.45,18.45,18.18,2405699.0,11398440.0
2012-10-19,18.45,18.65,18.38,18.3,1832695.0,8723159.0
2012-10-22,18.3,19.34,18.76,18.26,3377298.0,16425443.0
2012-10-23,18.76,18.88,18.53,18.45,1543973.0,7410501.0
2012-10-24,18.34,18.69,18.61,18.3,1360995.0,6497716.0
2012-10-25,18.61,18.8,18.34,18.34,1350891.0,6473420.0
2012-10-26,18.49,18.53,17.76,17.64,2209858.0,10288180.0
2012-10-29,17.83,18.07,17.48,17.25,1067904.0,4885782.0
2012-10-30,17.56,17.91,17.64,17.37,1266500.0,5764935.0
2012-10-31,17.64,17.83,17.6,17.37,895642.0,4061113.0
2012-11-01,17.6,17.99,17.87,17.52,2679087.0,12296173.0
2012-11-02,17.83,17.99,17.99,17.79,1481803.0,6843121.0
2012-11-05,18.03,19.62,19.07,17.91,8272880.0,40542960.0
2012-11-06,18.96,18.96,18.69,18.14,4877906.0,23277090.0
2012-11-07,18.61,18.88,18.69,18.26,2459797.0,11782440.0
2012-11-08,18.45,18.53,18.11,18.03,1534870.0,7239559.0
2012-11-09,17.99,18.26,18.14,17.99,1100367.0,5142920.0
2012-11-12,18.14,19.23,18.88,18.14,4327990.0,21034816.0
2012-11-13,18.96,20.78,19.77,18.8,16440393.0,85576000.0
2012-11-14,19.62,21.75,21.75,19.31,19926088.0,108319560.0
2012-11-15,22.33,23.92,22.68,21.52,45911552.0,273164160.0
2012-11-23,24.97,24.97,23.14,21.59,30389100.0,178737248.0
2012-11-26,22.87,23.07,22.14,21.98,20609352.0,118787408.0
2012-11-27,21.94,21.94,19.93,19.93,22285978.0,119142040.0
2012-11-28,19.77,20.39,19.54,19.38,17542644.0,89792136.0
2012-11-29,19.62,20.59,20.2,19.42,19376912.0,100254152.0
2012-11-30,19.77,20.12,20.04,19.11,12919364.0,65605320.0
2012-12-03,19.96,20.9,20.2,19.58,16705678.0,87564280.0
2012-12-04,19.73,19.77,19.42,18.41,14386480.0,70791432.0
2012-12-05,19.31,21.28,21.05,18.92,17977516.0,93840432.0
2012-12-06,20.9,21.05,20.7,20.31,12690212.0,67518544.0
2012-12-07,20.47,22.06,21.71,20.39,19235124.0,105741472.0
2012-12-10,21.79,23.26,22.76,21.44,20739150.0,119271720.0
2012-12-11,22.33,22.6,21.79,21.75,12274059.0,69936720.0
2012-12-12,21.83,22.21,21.86,21.21,8555762.0,47882472.0
2012-12-13,21.9,21.94,21.28,21.09,6651933.0,36695648.0
2012-12-14,21.28,22.25,21.98,21.17,10226594.0,57746696.0
2012-12-17,21.98,22.56,21.98,21.63,9327089.0,52878460.0
2012-12-18,21.98,22.29,21.44,21.36,8155653.0,45995652.0
2012-12-19,21.32,21.48,20.9,20.86,7389708.0,40221996.0
2012-12-20,20.78,21.48,21.36,20.59,5510300.0,30002144.0
2012-12-21,21.4,21.71,21.09,20.97,5349343.0,29466252.0
2012-12-24,20.97,21.25,20.78,20.55,5799360.0,31141872.0
2012-12-25,20.82,21.83,21.67,20.82,8020199.0,44371504.0
2012-12-26,21.67,22.25,21.94,21.52,7747128.0,43824280.0
2012-12-27,22.02,22.02,21.48,21.13,8007709.0,44414280.0
2012-12-28,21.48,23.45,23.38,21.36,17945350.0,104653968.0
2012-12-31,23.07,23.42,23.03,22.6,11323967.0,67050664.0
2013-01-04,23.11,23.22,22.33,22.21,7979519.0,46418100.0
2013-01-07,22.33,22.91,22.6,22.21,5330835.0,31058188.0
2013-01-08,22.68,22.76,22.64,22.29,5906577.0,34312160.0
2013-01-09,22.48,22.76,22.56,22.14,6308501.0,36637300.0
2013-01-10,22.48,22.64,22.37,22.18,5364042.0,30939630.0
2013-01-11,22.37,22.99,22.1,22.1,9161200.0,53505104.0
2013-01-14,21.9,22.8,22.68,21.83,5952577.0,34358084.0
2013-01-15,22.68,23.38,22.95,22.6,8324402.0,49496564.0
2013-01-16,22.76,23.8,23.18,22.64,8583627.0,51302992.0
2013-01-17,23.11,23.11,22.52,22.45,4988170.0,29251244.0
2013-01-18,22.52,23.03,22.8,22.33,3823501.0,22399660.0
2013-01-21,22.8,23.45,23.14,22.8,4724980.0,28166922.0
2013-01-22,23.26,23.26,22.72,22.48,4467712.0,26339754.0
2013-01-23,22.64,22.83,22.56,22.06,4264744.0,24622884.0
2013-01-24,22.52,22.76,21.79,21.71,5587858.0,32037668.0
2013-01-25,21.75,21.9,21.52,21.44,2459982.0,13699127.0
2013-01-28,21.52,23.65,23.03,21.52,7912767.0,46793164.0
2013-01-29,23.07,23.45,23.26,22.87,7010283.0,41983412.0
2013-01-30,23.26,23.38,22.87,22.68,4994048.0,29544206.0
2013-01-31,22.91,24.0,23.73,22.87,10074704.0,61042640.0
2013-02-01,23.61,23.88,23.61,23.34,5896287.0,35947080.0
2013-02-05,24.04,24.42,23.34,23.07,6510157.0,39648368.0
2013-02-06,23.14,23.96,23.53,23.07,4919720.0,30011718.0
2013-02-07,23.53,23.61,23.3,23.26,2576714.0,15545307.0
2013-02-08,23.3,23.53,23.42,23.26,2909640.0,17544978.0
2013-02-18,23.49,23.69,23.49,23.34,2965823.0,17966496.0
2013-02-19,23.49,23.8,23.8,22.91,5585399.0,33514926.0
2013-02-20,23.8,25.16,24.81,23.49,13038793.0,83176232.0
2013-02-21,24.62,25.74,24.93,24.07,11899550.0,76594264.0
2013-02-22,25.04,25.08,24.11,23.77,7643973.0,47743580.0
2013-02-25,24.11,24.5,24.27,23.73,4127803.0,25618644.0
2013-02-26,25.0,26.71,26.71,25.0,21485992.0,146069424.0
2013-02-27,27.49,29.39,29.39,26.94,28937616.0,211376880.0
2013-02-28,30.94,32.33,31.79,30.55,53012980.0,429406208.0
2013-03-01,31.25,34.97,34.97,31.13,37217412.0,318276032.0
2013-03-04,36.87,38.46,38.46,36.44,53917744.0,526302624.0
2013-03-05,38.34,39.74,37.57,35.7,70237536.0,674362368.0
2013-03-06,36.95,38.07,36.6,36.05,52556120.0,500552352.0
2013-03-07,36.75,36.75,33.96,33.73,53386844.0,482166144.0
2013-03-08,34.0,35.16,34.66,33.34,40267944.0,357774752.0
2013-03-11,34.46,35.24,34.08,33.69,26595374.0,235307456.0
2013-03-12,33.8,35.05,34.85,32.88,41988268.0,367526720.0
2013-03-13,34.31,38.34,38.34,33.57,63659680.0,599576064.0
2013-03-14,38.19,39.74,37.1,36.48,64475640.0,632190016.0
2013-03-15,36.17,38.38,36.52,35.24,42563740.0,406505568.0
2013-03-18,35.7,39.62,38.38,35.05,58083848.0,563651136.0
2013-03-19,37.95,39.19,37.41,36.67,44643484.0,433885088.0
2013-03-20,37.26,37.91,37.49,36.52,37187648.0,356976320.0
2013-03-21,37.22,41.09,38.23,36.91,62751532.0,631143296.0
2013-03-22,37.64,37.88,36.33,36.13,38655168.0,367456864.0
2013-03-25,35.86,37.1,35.98,35.67,23945548.0,224637136.0
2013-03-26,35.67,35.67,34.54,34.12,23732752.0,212252992.0
2013-03-27,34.31,35.12,34.66,33.77,18123890.0,161027136.0
2013-03-28,34.23,34.23,32.8,32.68,17797000.0,153406144.0
2013-03-29,32.95,33.3,31.79,31.71,17668816.0,147496096.0
2013-04-01,32.02,32.72,32.18,31.63,13459192.0,112038736.0
2013-04-02,32.06,33.19,32.18,31.98,15631898.0,131022480.0
2013-04-03,32.53,32.99,32.37,31.98,14618171.0,122837328.0
2013-04-08,31.01,31.21,30.94,29.27,19875664.0,154558752.0
2013-04-09,30.39,32.56,31.83,30.32,21582608.0,176242880.0
2013-04-10,31.13,31.36,30.59,30.2,16551661.0,131168840.0
2013-04-11,30.82,31.83,30.78,30.36,15584379.0,125391424.0
2013-04-12,30.28,31.44,30.32,30.12,11029687.0,87212216.0
2013-04-15,29.85,30.63,29.89,29.35,8917288.0,68990984.0
2013-04-16,29.46,30.86,30.78,29.31,11840661.0,92917984.0
2013-04-17,30.78,31.13,30.9,30.24,9897549.0,78254336.0
2013-04-18,30.66,31.91,31.29,30.47,16733417.0,135233632.0
2013-04-19,31.05,32.18,32.06,30.98,22026316.0,180323696.0
2013-04-22,31.56,31.71,31.4,30.74,15733096.0,126777792.0
2013-04-23,31.29,31.52,29.7,29.66,11710706.0,92169728.0
2013-04-24,29.54,30.12,29.93,28.77,13090309.0,99993384.0
2013-04-25,29.7,29.7,28.38,28.11,14887785.0,111160912.0
2013-04-26,28.38,28.69,27.41,27.29,9758451.0,70003640.0
2013-05-02,27.06,27.84,27.68,27.06,7496113.0,53250480.0
2013-05-03,27.76,28.65,28.07,27.64,8770992.0,63748048.0
2013-05-06,28.34,28.88,28.61,27.72,12528540.0,91471824.0
2013-05-07,28.53,30.05,29.7,28.18,24336544.0,183860496.0
2013-05-08,31.01,32.68,32.68,29.85,40607292.0,333568128.0
2013-05-09,33.03,35.59,34.43,32.8,52815008.0,469075744.0
2013-05-10,33.38,33.92,33.73,32.53,28080280.0,241207312.0
2013-05-13,33.34,33.46,33.11,32.6,16176322.0,137781936.0
2013-05-14,32.99,32.99,31.79,31.71,16245894.0,134503168.0
2013-05-15,31.79,34.27,34.12,31.79,25850328.0,219715568.0
2013-05-16,34.12,34.15,33.15,32.56,24964588.0,213146272.0
2013-05-17,32.91,33.22,32.95,32.22,16853896.0,142049744.0
2013-05-20,32.88,33.69,33.46,32.18,21376000.0,182016624.0
2013-05-21,33.38,34.35,34.27,32.76,24766964.0,215064416.0
2013-05-22,34.12,34.12,32.99,32.88,17335956.0,149253872.0
2013-05-23,32.56,32.95,31.79,31.32,19324308.0,159847440.0
2013-05-24,31.52,32.6,32.14,31.4,10511814.0,86989288.0
2013-05-27,31.83,32.49,32.06,31.6,10786425.0,89123192.0
2013-05-28,32.02,32.1,31.91,31.36,9643800.0,78907760.0
2013-05-29,32.14,33.26,32.95,31.83,18307116.0,154523456.0
2013-05-30,32.64,33.65,32.64,32.45,15754095.0,134439744.0
2013-05-31,32.76,32.95,31.83,31.67,10572284.0,87583576.0
2013-06-03,31.75,32.1,31.4,31.36,7520891.0,61364384.0
2013-06-04,31.36,31.4,29.58,29.15,14483056.0,111984776.0
2013-06-05,29.5,29.89,29.81,29.39,5362393.0,40967896.0
2013-06-06,29.81,29.81,28.42,28.03,9111946.0,67669600.0
2013-06-07,28.45,28.84,27.99,27.72,5175038.0,37622584.0
2013-06-13,27.84,27.84,27.18,26.17,5654508.0,39314140.0
2013-06-14,27.14,28.26,27.95,26.94,6610783.0,47254204.0
2013-06-17,27.99,28.11,27.6,27.02,5750025.0,40893228.0
2013-06-18,27.84,27.92,27.49,27.25,3107655.0,21914692.0
2013-06-19,27.49,27.49,26.9,25.85,6899073.0,46850312.0
2013-06-20,26.55,26.86,25.69,25.65,4501374.0,30281584.0
2013-06-21,25.5,26.55,26.0,24.79,7710620.0,50960208.0
2013-06-24,25.89,26.74,23.62,23.43,7616063.0,48177860.0
2013-06-25,23.62,24.05,23.35,21.32,9114689.0,53398656.0
2013-06-26,23.31,23.7,23.58,22.8,5341683.0,31952588.0
2013-06-27,23.62,25.38,23.89,23.58,10685414.0,66595040.0
2013-06-28,23.62,24.4,23.74,23.23,6231941.0,38027276.0
2013-07-01,23.78,24.6,24.56,23.78,6222919.0,38570884.0
2013-07-02,24.32,26.35,26.24,24.05,11465773.0,73714096.0
2013-07-03,25.38,26.43,26.24,25.07,13674663.0,90930488.0
2013-07-04,25.77,26.43,25.81,25.57,8852933.0,58875728.0
2013-07-05,25.77,26.28,24.83,24.79,7985601.0,52311296.0
2013-07-08,24.32,24.32,23.27,23.23,6448917.0,39226456.0
2013-07-09,23.35,23.7,23.54,23.31,3477184.0,20918624.0
2013-07-10,23.54,25.26,25.11,23.5,9391877.0,59274128.0
2013-07-11,24.87,26.43,25.77,24.64,12072507.0,79526016.0
2013-07-12,25.85,26.63,25.34,25.22,11893987.0,79167936.0
2013-07-15,25.18,26.08,25.85,25.18,8021746.0,52943976.0
2013-07-16,25.92,27.17,27.14,25.5,14866403.0,100559864.0
2013-07-17,27.49,28.7,27.29,27.02,24933892.0,177728112.0
2013-07-18,26.55,27.92,27.84,26.2,10870278.0,75195168.0
2013-07-19,27.8,28.38,27.45,27.14,12085184.0,85831728.0
2013-07-22,27.21,27.33,27.29,26.47,7097297.0,48955480.0
2013-07-23,27.29,27.76,27.41,27.06,9003220.0,63271072.0
2013-07-24,27.33,28.31,28.07,26.47,13851792.0,97447856.0
2013-07-25,27.64,27.88,26.94,26.94,8133230.0,56878856.0
2013-07-26,26.86,27.21,26.35,26.28,4732930.0,32210676.0
2013-07-29,26.2,26.55,25.53,25.38,4062428.0,27033624.0
2013-07-30,26.04,26.32,25.61,25.42,4457324.0,29479846.0
2013-07-31,26.12,26.43,25.77,25.69,3918638.0,26068468.0
2013-08-01,25.92,27.1,26.78,25.46,6585637.0,44468444.0
2013-08-02,26.82,27.33,26.55,26.43,6023995.0,41399772.0
2013-08-05,29.2,29.2,28.03,27.72,24131148.0,175155392.0
2013-08-06,27.92,28.03,27.88,27.14,12511485.0,88420632.0
2013-08-07,27.64,27.92,27.52,27.41,7807216.0,55272052.0
2013-08-08,27.52,27.72,27.41,27.25,5187927.0,36497764.0
2013-08-09,27.29,27.68,27.45,27.21,5708086.0,40131912.0
2013-08-12,27.6,28.31,28.15,27.6,11913824.0,85442000.0
2013-08-13,28.15,28.7,28.23,28.03,7774498.0,56223628.0
2013-08-14,28.23,28.42,27.6,27.37,8202829.0,58622760.0
2013-08-15,27.49,27.76,27.17,27.17,5281307.0,37039108.0
2013-08-16,26.94,27.64,26.28,26.24,7496038.0,51608064.0
2013-08-19,25.81,26.94,26.63,25.61,4082539.0,27455666.0
2013-08-20,26.63,26.82,26.16,25.96,4073164.0,27540984.0
2013-08-21,26.16,26.35,26.24,25.85,3134079.0,20929524.0
2013-08-22,26.04,26.35,26.0,26.0,2753937.0,18420072.0
2013-08-23,26.0,26.28,25.46,25.14,5272756.0,34707600.0
2013-08-26,25.5,26.16,26.16,25.5,4113062.0,27309306.0
2013-08-27,26.43,27.02,26.82,26.16,6489680.0,44322288.0
2013-08-28,26.55,26.55,26.04,26.0,5675335.0,38112952.0
2013-08-29,26.12,26.47,26.04,25.73,3466478.0,23157432.0
2013-08-30,26.04,26.12,25.5,25.38,5194687.0,34255880.0
2013-09-02,25.77,26.74,26.51,25.57,5971172.0,40127788.0
2013-09-03,26.39,28.03,27.95,26.35,21015370.0,148383824.0
2013-09-04,27.84,27.95,27.37,26.94,11860143.0,83019760.0
2013-09-05,27.29,27.68,27.49,26.9,9373979.0,65561808.0
2013-09-06,27.33,27.45,26.98,26.94,7319112.0,50750380.0
2013-09-09,26.98,27.56,27.29,26.86,8651987.0,60429552.0
2013-09-10,27.06,27.88,27.84,26.94,12753869.0,89644832.0
2013-09-11,27.68,27.95,27.52,27.17,9875816.0,69798720.0
2013-09-12,27.37,28.93,28.46,26.98,17780498.0,128083064.0
2013-09-13,28.27,28.81,28.42,27.99,10428626.0,75590504.0
2013-09-16,28.23,28.66,27.72,27.33,8515929.0,60794856.0
2013-09-17,27.72,27.95,27.02,26.94,6716674.0,47132776.0
2013-09-18,26.98,27.95,27.49,26.67,8273858.0,58355884.0
2013-09-23,27.37,27.72,27.52,27.25,6734705.0,47402656.0
2013-09-24,27.6,29.05,28.77,27.21,17353888.0,125914704.0
2013-09-25,28.62,28.62,27.99,27.8,10795174.0,77888320.0
2013-09-26,27.68,27.76,27.1,26.94,5732981.0,40274692.0
2013-09-27,27.29,27.68,27.17,26.98,4517611.0,31629902.0
2013-09-30,27.33,27.64,27.25,27.06,4037867.0,28272652.0
2013-10-08,27.37,28.31,27.88,27.1,5859081.0,41806028.0
2013-10-09,27.72,28.19,28.11,27.6,7871555.0,56425416.0
2013-10-10,30.45,30.92,30.92,29.79,33413170.0,262845056.0
2013-10-11,31.12,31.55,30.34,29.98,34580848.0,270759584.0
2013-10-14,29.83,33.15,31.9,29.71,31616044.0,255859872.0
2013-10-15,31.62,32.37,31.94,30.84,18998846.0,153894320.0
2013-10-16,31.27,31.82,31.08,29.95,14908999.0,117031632.0
2013-10-17,32.6,34.2,31.74,31.27,24951732.0,208613408.0
2013-10-18,30.92,32.29,31.23,30.38,11327675.0,90853384.0
2013-10-21,30.96,34.36,34.36,30.96,28768536.0,248211808.0
2013-10-22,35.72,35.72,34.01,33.42,44603216.0,396439296.0
2013-10-23,33.46,34.98,32.37,31.62,22984124.0,194729792.0
2013-10-24,31.7,32.99,32.37,31.35,11884740.0,98249056.0
2013-10-25,32.17,33.03,31.43,31.23,13054607.0,107400432.0
2013-10-28,31.62,32.09,30.65,30.3,11135414.0,88730264.0
2013-10-29,30.45,30.77,29.4,28.19,14379297.0,108042232.0
2013-10-30,29.28,30.02,29.67,28.97,7979590.0,60423256.0
2013-10-31,29.67,29.79,29.4,28.54,7010066.0,52473744.0
2013-11-01,28.93,29.48,29.32,28.7,5618076.0,41817900.0
2013-11-04,29.36,30.77,30.34,29.16,10560270.0,81236968.0
2013-11-05,29.95,30.57,30.41,29.55,8363785.0,64422644.0
2013-11-06,30.3,30.84,29.63,29.48,8131209.0,62930472.0
2013-11-07,28.89,29.63,29.01,28.74,4928912.0,36807644.0
2013-11-08,28.81,29.2,28.23,28.19,4806133.0,35147424.0
2013-11-11,28.42,29.2,29.01,28.15,4207352.0,30900208.0
2013-11-12,29.09,30.06,29.67,28.54,7270336.0,54704576.0
2013-11-13,29.59,30.38,29.13,29.05,7961299.0,60435552.0
2013-11-14,28.38,30.57,30.53,28.38,13777262.0,105070800.0
2013-11-15,30.45,32.09,31.98,30.26,24320304.0,194460944.0
2013-11-18,31.98,32.45,32.17,31.43,18719526.0,153490256.0
2013-11-19,31.82,32.41,31.82,31.51,13891928.0,113330088.0
2013-11-20,31.78,32.91,32.37,31.78,15766511.0,131087864.0
2013-11-21,32.33,32.95,31.43,31.23,17056470.0,140135808.0
2013-11-22,31.0,31.62,31.12,30.84,8584109.0,68605072.0
2013-11-25,31.04,31.43,30.69,30.38,6861755.0,54121724.0
2013-11-26,30.45,31.0,30.57,30.45,4840160.0,38134456.0
2013-11-27,30.77,30.92,30.69,30.1,5732938.0,44853144.0
2013-11-28,30.92,31.2,30.92,30.65,5667760.0,44975588.0
2013-11-29,31.0,31.47,31.08,30.84,5907104.0,47125552.0
2013-12-02,30.65,30.65,28.85,28.11,7637521.0,57631740.0
2013-12-03,28.66,29.63,29.48,28.46,3810804.0,28633358.0
2013-12-04,29.48,30.34,30.06,29.32,4498646.0,34632404.0
2013-12-05,29.87,30.61,30.26,29.87,3706544.0,28783156.0
2013-12-06,30.34,31.7,31.08,30.34,8599217.0,68696272.0
2013-12-09,30.88,32.95,32.52,30.57,17807920.0,146442400.0
2013-12-10,32.37,32.45,32.02,31.39,11908297.0,97133688.0
2013-12-11,31.98,32.45,32.09,31.27,11827496.0,96600352.0
2013-12-12,32.17,32.29,31.59,31.47,8793299.0,71926496.0
2013-12-13,31.23,32.76,32.29,31.0,14033234.0,114952728.0
2013-12-16,32.02,33.5,33.19,31.7,19348904.0,161206208.0
2013-12-17,32.8,33.19,33.11,32.17,12795904.0,107093728.0
2013-12-18,32.41,33.54,32.8,32.13,15156824.0,128128000.0
2013-12-19,33.58,34.28,31.47,31.35,20375456.0,171655504.0
2013-12-20,30.18,30.73,29.52,29.28,13049540.0,100335088.0
2013-12-23,29.52,29.87,29.24,28.5,5347524.0,40009928.0
2013-12-24,29.09,29.67,29.28,28.89,3813884.0,28678968.0
2013-12-25,29.59,29.75,29.67,29.28,2972890.0,22501530.0
2013-12-26,29.67,29.83,28.74,28.66,4187064.0,31254342.0
2013-12-27,28.89,29.48,29.36,28.5,4188594.0,31243520.0
2013-12-30,29.48,29.91,29.4,29.32,3403646.0,25752916.0
2013-12-31,29.4,29.71,29.52,28.89,3215663.0,24178694.0
2014-01-02,29.48,30.18,29.79,29.13,3697733.0,28196504.0
2014-01-03,29.75,29.91,29.44,29.32,3941542.0,29833762.0
2014-01-06,28.58,29.09,27.68,27.64,5728129.0,41381104.0
2014-01-07,27.68,28.03,27.49,27.33,3264135.0,23086636.0
2014-01-08,27.76,28.11,27.8,27.52,3279849.0,23320558.0
2014-01-09,27.8,27.88,26.63,26.59,4655349.0,32560268.0
2014-01-10,26.43,26.59,25.69,25.38,5720787.0,37737084.0
2014-01-13,25.69,25.93,25.11,24.91,3256584.0,21112342.0
2014-01-14,25.18,25.77,25.61,24.95,3090642.0,20154532.0
2014-01-15,25.65,25.92,25.69,25.38,3083771.0,20249296.0
2014-01-16,25.81,26.16,26.0,25.57,3152130.0,20903326.0
2014-01-17,25.85,26.24,25.89,25.65,3031168.0,20134344.0
2014-01-20,25.96,26.2,25.69,25.61,2130225.0,14096328.0
2014-01-21,25.5,26.0,25.81,25.5,1879983.0,12409335.0
2014-01-22,25.81,26.59,26.55,25.73,3753636.0,25221366.0
2014-01-23,26.55,26.98,26.67,26.35,3791140.0,25922408.0
2014-01-24,26.55,27.06,26.82,26.47,4119002.0,28184100.0
2014-01-27,26.55,26.78,26.32,26.28,2582305.0,17524148.0
2014-01-28,26.43,26.67,26.51,26.24,1790137.0,12139639.0
2014-01-29,26.59,26.78,26.78,26.35,2760259.0,18779452.0
2014-01-30,26.59,27.14,26.74,26.43,2438388.0,16722806.0
2014-02-07,26.63,27.17,27.02,26.32,2432289.0,16700331.0
2014-02-10,26.98,27.88,27.76,26.98,4591211.0,32496906.0
2014-02-11,27.68,28.46,28.31,27.41,5164121.0,37257084.0
2014-02-12,28.5,28.7,28.42,28.07,5047148.0,36627384.0
2014-02-13,28.42,28.81,28.15,28.03,6866674.0,49893756.0
2014-02-14,28.15,28.42,28.23,28.03,4436078.0,32053276.0
2014-02-17,28.5,28.5,28.23,27.72,6763560.0,48705584.0
2014-02-18,28.15,28.27,28.03,27.72,5685228.0,40687456.0
2014-02-19,28.03,28.19,27.92,27.6,6591322.0,47046864.0
2014-02-20,27.92,28.07,27.41,27.21,6684590.0,47159648.0
2014-02-21,27.41,27.72,27.14,27.06,4177373.0,29228820.0
2014-02-24,27.06,27.49,27.45,26.94,3990650.0,27845552.0
2014-02-25,27.45,27.92,26.67,26.2,7319057.0,51386956.0
2014-02-26,26.59,26.78,26.47,25.81,5192340.0,34879508.0
2014-02-27,26.47,26.67,26.12,26.04,4101978.0,27639504.0
2014-02-28,25.93,26.39,26.35,25.77,2873333.0,19171908.0
2014-03-03,26.51,27.25,27.17,26.28,4570855.0,31333144.0
2014-03-04,26.98,27.21,27.1,26.63,3491584.0,24068500.0
2014-03-05,27.21,27.25,26.9,26.7,3335301.0,23051224.0
2014-03-06,26.9,27.06,26.63,26.16,3211413.0,21798756.0
2014-03-07,26.55,26.7,26.04,25.85,3533085.0,23849260.0
2014-03-10,25.81,25.89,25.18,25.14,3784787.0,24608400.0
2014-03-11,24.99,26.0,25.96,24.91,5631993.0,36747496.0
2014-03-12,26.0,26.04,25.89,25.5,3514525.0,23238620.0
2014-03-13,25.85,26.24,26.04,25.73,1785642.0,11909267.0
2014-03-14,25.96,26.24,26.0,25.73,1979127.0,13192230.0
2014-03-17,26.47,27.56,27.29,26.47,5890613.0,41113136.0
2014-03-18,27.37,27.37,27.06,26.98,3327529.0,23134436.0
2014-03-19,26.9,26.94,26.7,26.39,3279653.0,22406740.0
2014-03-20,26.55,27.02,25.96,25.77,2765956.0,18802224.0
2014-03-21,25.92,26.94,26.9,25.85,3371039.0,22995308.0
2014-03-24,27.33,27.6,27.25,27.14,3763359.0,26370804.0
2014-03-25,27.14,27.33,27.21,26.67,4959537.0,34294948.0
2014-03-26,27.21,27.21,26.98,26.86,2660058.0,18368484.0
2014-03-27,26.98,27.33,27.06,26.7,2620340.0,18089160.0
2014-03-28,27.1,27.21,26.2,26.16,2948840.0,20008584.0
2014-03-31,26.16,26.32,25.42,25.18,3831373.0,25013090.0
2014-04-01,25.5,25.85,25.85,25.26,1459826.0,9569315.0
2014-04-02,25.85,26.32,26.04,25.77,2005207.0,13395543.0
2014-04-03,26.04,26.16,25.85,25.65,1636554.0,10876406.0
2014-04-04,25.61,26.24,26.16,25.61,2004090.0,13320562.0
2014-04-08,26.04,26.43,26.39,26.04,2599694.0,17508388.0
2014-04-09,26.35,26.86,26.59,26.35,3656424.0,24908272.0
2014-04-10,26.43,26.9,26.86,26.43,3436279.0,23543464.0
2014-04-11,26.86,26.86,26.55,26.0,2048177.0,13883812.0
2014-04-14,26.47,26.74,26.63,26.28,2931126.0,19877232.0
2014-04-15,26.9,27.21,26.47,26.43,4210777.0,28986044.0
2014-04-16,26.39,27.14,26.74,26.35,3412584.0,23445260.0
2014-04-17,26.55,27.1,26.98,26.47,4045187.0,27831668.0
2014-04-18,26.98,26.98,26.9,26.59,1601619.0,10987208.0
2014-04-21,26.94,27.06,26.67,26.59,2638981.0,18136394.0
2014-04-22,26.63,26.63,26.63,26.2,2135686.0,14443964.0
2014-04-23,26.74,27.02,26.86,26.63,3045014.0,20958910.0
2014-04-24,26.94,28.03,27.92,26.9,13972193.0,98702448.0
2014-04-25,27.52,27.8,27.29,27.14,7429458.0,52162540.0
2014-04-28,27.21,27.21,25.38,25.38,6181329.0,40979388.0
2014-04-29,25.03,25.53,25.46,25.03,2856502.0,18529768.0
2014-04-30,25.5,25.85,25.65,25.38,2033021.0,13296432.0
2014-05-05,25.69,25.69,25.57,25.11,2093313.0,13582183.0
2014-05-06,25.57,25.73,25.65,25.34,3351477.0,21958512.0
2014-05-07,25.53,25.57,25.18,25.18,1806912.0,11714058.0
2014-05-08,25.18,25.61,25.3,25.11,1595514.0,10363088.0
2014-05-09,25.14,25.53,25.18,25.07,2386300.0,15408528.0
2014-05-12,25.77,27.14,27.1,25.61,10487341.0,71591312.0
2014-05-13,27.02,27.37,26.39,26.28,5130047.0,35121936.0
2014-05-14,26.24,26.28,26.0,25.89,2448548.0,16334784.0
2014-05-15,26.0,26.2,25.77,25.69,1861496.0,12366646.0
2014-05-16,25.81,26.35,25.92,25.77,1803815.0,12035878.0
2014-05-19,25.89,25.89,25.5,25.34,2143748.0,14014883.0
2014-05-20,25.89,26.2,25.73,25.57,1473413.0,9747948.0
2014-05-21,25.53,26.08,26.0,25.46,1396178.0,9237847.0
2014-05-22,26.12,26.43,25.96,25.85,2129815.0,14294160.0
2014-05-23,25.96,26.24,26.04,25.92,1653707.0,11026375.0
2014-05-26,26.08,26.59,26.39,26.0,3954384.0,26722828.0
2014-05-27,26.35,26.59,26.08,26.0,3085273.0,20856120.0
2014-05-28,26.08,26.2,26.16,25.92,2842716.0,18975064.0
2014-05-29,26.08,26.43,26.28,26.08,2895791.0,19522872.0
2014-05-30,26.32,26.43,26.12,25.73,5069310.0,33821512.0
2014-06-03,26.16,26.2,26.16,25.92,3661099.0,24446000.0
2014-06-04,26.08,26.2,26.08,25.85,2819958.0,18806408.0
2014-06-05,26.0,26.55,26.51,26.0,3517899.0,23751696.0
2014-06-06,26.51,26.63,26.32,25.89,2760361.0,18538748.0
2014-06-09,26.39,26.51,26.2,26.0,2809539.0,18853380.0
2014-06-10,26.12,26.28,26.2,25.77,2473820.0,16509710.0
2014-06-11,26.2,26.24,26.16,25.96,2724921.0,18230366.0
2014-06-12,26.04,26.12,26.08,25.77,3394847.0,22557850.0
2014-06-13,26.16,26.16,26.08,25.81,6444958.0,42923076.0
2014-06-16,25.96,26.16,26.0,25.85,4605477.0,30721226.0
2014-06-17,26.0,26.08,25.53,25.5,4119267.0,27192792.0
2014-06-18,25.53,25.69,25.26,25.14,4153709.0,26916968.0
2014-06-19,25.11,25.42,24.71,24.48,4136517.0,26600768.0
2014-06-20,24.68,25.14,25.03,24.64,1543838.0,9860556.0
2014-06-23,25.14,25.26,25.03,24.99,1462460.0,9395797.0
2014-06-24,25.03,25.57,25.53,25.03,3094967.0,20115454.0
2014-06-25,25.46,25.46,24.95,24.75,3301926.0,21173360.0
2014-06-26,24.99,25.34,25.14,24.91,2567279.0,16509752.0
2014-06-27,25.18,25.26,25.22,24.91,2240860.0,14414800.0
2014-06-30,25.22,25.5,25.38,25.14,2579367.0,16784516.0
2014-07-01,25.53,25.53,25.42,25.22,1973838.0,12814961.0
2014-07-02,25.3,25.57,25.57,25.26,2945645.0,19226400.0
2014-07-03,25.57,25.77,25.73,25.42,2671100.0,17559996.0
2014-07-04,25.81,25.81,25.53,25.42,1941531.0,12704778.0
2014-07-07,25.46,25.81,25.69,25.46,2942564.0,19312662.0
2014-07-08,25.61,25.65,25.53,25.42,2452037.0,16022355.0
2014-07-09,25.53,25.53,25.11,25.03,3313777.0,21404024.0
2014-07-10,25.03,25.34,25.18,25.03,2130749.0,13762365.0
2014-07-11,25.14,25.3,25.3,24.99,1709109.0,11028703.0
2014-07-14,25.18,25.85,25.69,24.91,3215785.0,21104818.0
2014-07-15,25.57,25.85,25.65,25.5,2130802.0,13982500.0
2014-07-16,25.73,26.16,26.08,25.5,4920048.0,32532312.0
2014-07-17,26.08,26.12,25.77,25.57,2942081.0,19466588.0
2014-07-18,25.69,25.92,25.65,25.5,1775248.0,11697178.0
2014-07-21,25.85,26.0,25.65,25.53,1683365.0,11089253.0
2014-07-22,25.96,27.21,26.7,25.96,9301634.0,63687536.0
2014-07-23,26.39,26.7,26.24,26.16,4520836.0,30501952.0
2014-07-24,26.16,26.55,26.39,26.04,3129691.0,21118824.0
2014-07-25,26.51,27.49,27.29,26.35,9529071.0,66023504.0
2014-07-28,27.29,28.31,27.99,27.14,13981368.0,99680296.0
2014-07-29,28.07,28.07,27.99,27.72,6885617.0,49160300.0
2014-07-30,27.8,29.48,29.13,27.8,16255593.0,120049120.0
2014-07-31,29.01,29.13,29.13,28.54,6398630.0,47168472.0
2014-08-01,29.01,29.55,28.54,28.34,8126726.0,60377496.0
2014-08-04,28.46,29.28,29.28,28.11,8492021.0,62888160.0
2014-08-05,29.32,29.48,29.13,28.97,5557589.0,41488472.0
2014-08-06,29.09,29.09,28.85,28.5,4832924.0,35680960.0
2014-08-07,28.85,29.05,27.95,27.95,5956493.0,43317912.0
2014-08-08,27.95,29.48,29.24,27.95,9371496.0,69204208.0
2014-08-11,29.13,29.87,29.4,29.13,7825750.0,58969968.0
2014-08-12,29.4,29.59,29.28,29.01,5416569.0,40518916.0
2014-08-13,29.28,29.63,28.81,28.19,7472572.0,55005888.0
2014-08-14,28.77,30.96,30.06,28.46,19430338.0,149040048.0
2014-08-15,30.77,33.07,32.48,30.61,37236368.0,307430592.0
2014-08-18,32.37,33.07,32.91,31.86,25254670.0,210405696.0
2014-08-19,32.8,33.42,32.95,32.29,16281667.0,136553968.0
2014-08-20,33.11,33.81,33.15,32.52,20311172.0,172853744.0
2014-08-21,33.26,33.42,32.17,31.43,16902856.0,138420304.0
2014-08-22,32.21,32.25,31.78,31.35,10547465.0,85536296.0
2014-08-25,31.82,31.94,31.2,30.57,8031177.0,63701872.0
2014-08-26,30.96,31.59,30.88,30.61,4532211.0,35934456.0
2014-08-27,30.96,31.47,31.43,30.57,5713970.0,45418480.0
2014-08-28,31.59,31.82,30.69,30.49,6254810.0,49443816.0
2014-08-29,30.61,30.69,30.21,29.78,4767967.0,36634864.0
2014-09-01,30.37,30.76,30.65,30.33,11639823.0,90668752.0
2014-09-02,30.33,31.23,31.2,30.21,25397472.0,198280128.0
2014-09-03,30.84,31.51,31.27,30.76,29994354.0,238589936.0
2014-09-04,30.92,31.08,30.8,30.61,29973724.0,236422704.0
2014-09-05,30.8,31.0,30.73,30.45,24713228.0,193851328.0
2014-09-09,30.73,30.96,30.73,30.53,20882742.0,163422048.0
2014-09-10,31.04,31.78,31.74,30.76,36311200.0,290088640.0
2014-09-11,31.55,31.74,31.16,30.96,28774934.0,230989344.0
2014-09-12,31.23,31.31,31.2,30.69,13662304.0,107957424.0
2014-09-15,31.0,31.35,31.12,30.8,14713721.0,116691120.0
2014-09-16,31.31,31.59,29.39,29.16,77235216.0,592486912.0
2014-09-17,29.27,29.51,29.12,28.65,16329243.0,121310616.0
2014-09-18,29.04,29.27,29.2,28.92,9814719.0,72887176.0
2014-09-19,29.2,29.9,29.71,29.2,12997137.0,98198104.0
2014-09-22,29.43,29.59,29.12,28.96,11510509.0,85792344.0
2014-09-23,29.04,29.39,29.12,29.0,17178184.0,127683200.0
2014-09-24,29.04,29.43,29.39,29.04,28859340.0,214970592.0
2014-09-25,29.35,29.55,29.2,29.04,25093290.0,187223872.0
2014-09-26,29.16,29.16,28.92,28.41,17124936.0,125845008.0
2014-09-29,29.31,29.75,29.59,29.31,31202136.0,235057216.0
2014-09-30,29.75,29.75,29.63,29.47,24098904.0,181968192.0
2014-10-08,29.9,30.65,30.45,29.59,51807160.0,399525312.0
2014-10-09,30.37,31.16,31.08,30.25,57203304.0,449948928.0
2014-10-10,31.08,31.08,30.61,30.45,26565344.0,208161392.0
2014-10-13,30.76,32.29,32.14,30.65,81842368.0,659985216.0
2014-10-14,31.98,32.57,31.86,31.55,56654244.0,463342528.0
2014-10-15,31.9,32.45,32.17,31.63,49974892.0,409195136.0
2014-10-16,32.14,32.33,30.92,30.84,42482128.0,343919840.0
2014-10-17,30.76,30.96,30.06,29.67,32803634.0,252703952.0
2014-10-20,30.14,30.45,30.45,29.94,25099520.0,193655744.0
2014-10-21,30.37,30.61,29.94,29.39,24858526.0,190646560.0
2014-10-22,29.82,30.14,29.51,29.08,29538898.0,223299344.0
2014-10-23,29.39,29.55,29.16,28.96,17742336.0,132168112.0
2014-10-24,29.12,29.43,29.39,28.96,11624085.0,86594648.0
2014-10-27,29.31,29.71,29.43,29.16,12522050.0,93916240.0
2014-10-28,29.27,31.08,30.57,29.12,39781816.0,303201504.0
2014-10-29,30.69,32.1,31.66,30.29,59413728.0,475115584.0
2014-10-30,31.35,32.49,31.74,31.31,63367992.0,513864800.0
2014-10-31,31.66,32.1,31.78,31.08,83742608.0,674248640.0
2014-11-03,31.63,32.06,31.31,30.61,89671424.0,713356864.0
2014-11-04,30.96,30.96,30.18,30.1,68950048.0,536229120.0
2014-11-05,30.29,31.12,31.0,29.94,44432548.0,347350912.0
2014-11-06,31.23,31.51,31.12,30.76,50718068.0,401730880.0
2014-11-07,31.35,32.1,31.47,30.84,82304752.0,663976512.0
2014-11-10,31.47,32.14,31.94,31.12,55025220.0,443667392.0
2014-11-11,32.06,32.25,31.82,31.23,62331744.0,504395904.0
2014-11-12,31.74,32.02,31.94,31.51,47419952.0,385138560.0
2014-11-13,31.98,32.02,31.27,30.8,74626304.0,593306048.0
2014-11-14,31.04,31.51,30.73,30.57,68599232.0,539273216.0
2014-11-17,30.8,31.23,31.0,30.57,36509432.0,287646112.0
2014-11-18,30.84,31.55,31.2,30.76,35518944.0,281639296.0
2014-11-19,31.08,31.47,31.16,30.8,62448980.0,494059200.0
2014-11-20,30.96,31.23,30.33,30.29,62851976.0,492349504.0
2014-11-21,30.21,30.57,30.49,30.02,23742556.0,183776384.0
2014-11-24,30.53,31.23,31.0,30.53,45797380.0,361028192.0
2014-11-25,31.04,31.59,31.47,30.8,58532012.0,466096128.0
2014-11-26,31.35,31.74,31.43,31.04,65869816.0,525926208.0
2014-11-27,31.43,33.35,32.72,31.43,116657552.0,963715392.0
2014-11-28,32.72,33.08,32.88,32.29,87613600.0,729525888.0
2014-12-01,32.92,33.31,32.21,32.1,64193376.0,535927392.0
2014-12-02,32.14,32.61,32.33,32.02,45599812.0,376680224.0
2014-12-03,32.33,33.86,33.82,32.14,86150448.0,729584704.0
2014-12-04,33.98,35.66,34.57,33.98,82394440.0,732062976.0
2014-12-05,34.37,34.84,33.66,32.33,81762760.0,700098176.0
2014-12-08,33.59,34.17,33.86,32.92,49480832.0,424779552.0
2014-12-09,33.62,33.62,32.29,31.66,74588064.0,622442240.0
2014-12-10,32.06,34.33,34.09,31.82,67169320.0,569374528.0
2014-12-11,34.09,35.86,34.76,33.7,81432592.0,726649280.0
2014-12-12,34.88,36.41,36.02,34.68,72084720.0,656537472.0
2014-12-15,38.56,39.62,37.19,37.07,116388848.0,1136014464.0
2014-12-16,37.82,38.6,37.54,37.11,77119440.0,742483392.0
2014-12-17,37.23,37.39,36.68,36.49,56356960.0,530185472.0
2014-12-18,36.6,38.76,38.25,36.29,66583112.0,641927872.0
2014-12-19,38.33,38.37,37.39,36.52,54240996.0,513965568.0
2014-12-22,38.01,38.21,36.88,36.6,59816536.0,567169792.0
2014-12-23,37.43,38.52,37.39,36.88,71654320.0,692017600.0
2014-12-24,37.62,39.15,39.11,37.23,76965336.0,754293696.0
2014-12-25,39.39,39.66,38.56,38.25,59784900.0,590145152.0
2014-12-26,38.01,38.21,36.8,36.25,102338928.0,962478144.0
2014-12-29,36.8,36.84,36.21,35.86,63621144.0,587930752.0
2014-12-30,36.37,36.52,34.09,33.47,73617608.0,650630784.0
2014-12-31,33.9,35.19,34.96,33.55,40430260.0,353555584.0
2015-01-05,35.08,36.13,35.86,34.8,52311396.0,473427488.0
2015-01-06,35.9,35.9,35.39,34.33,55653140.0,498274624.0
2015-01-07,35.31,35.86,35.27,34.49,42311332.0,379017280.0
2015-01-08,35.27,35.58,35.27,34.88,24385162.0,219273360.0
2015-01-09,35.43,36.13,35.31,35.19,41263560.0,376997376.0
2015-01-12,35.23,35.23,34.02,33.7,31584146.0,276729088.0
2015-01-13,34.09,34.6,34.37,34.02,20484002.0,179025808.0
2015-01-14,34.6,34.68,34.25,33.86,17851288.0,156217264.0
2015-01-15,34.13,35.39,34.96,34.02,31907376.0,284320896.0
2015-01-16,34.96,35.47,35.27,34.68,21855674.0,195588528.0
2015-01-19,34.49,35.08,33.59,33.04,33610368.0,292789824.0
2015-01-20,33.39,34.33,34.25,33.39,19725484.0,171275792.0
2015-01-21,34.25,34.96,34.76,34.06,26490882.0,234312432.0
2015-01-22,35.23,35.51,35.27,34.92,40369488.0,363079136.0
2015-01-23,35.47,36.25,35.55,35.31,41287816.0,377038432.0
2015-01-26,35.86,36.21,36.02,35.55,31274844.0,286347648.0
2015-01-27,36.09,36.17,35.35,34.84,40131216.0,363442848.0
2015-01-28,35.08,35.27,34.76,34.56,30841500.0,274728704.0
2015-01-29,34.33,34.53,34.02,33.74,37202376.0,323109632.0
2015-01-30,34.21,34.53,33.47,33.12,30264224.0,260585424.0
2015-02-02,33.08,33.47,33.43,32.53,21989604.0,184931808.0
2015-02-03,33.43,33.86,33.78,33.23,16490230.0,141164416.0
2015-02-04,33.86,33.98,33.35,33.23,15020775.0,128525472.0
2015-02-05,33.94,34.06,32.96,32.88,20692692.0,176514048.0
2015-02-06,32.92,33.19,31.86,31.43,28940028.0,237928656.0
2015-02-09,31.86,32.14,31.55,31.31,18853242.0,151801760.0
2015-02-10,31.7,32.21,32.14,31.55,13588390.0,110754712.0
2015-02-11,32.25,32.53,32.21,32.02,12688851.0,104499184.0
2015-02-12,32.25,32.41,32.33,32.14,12290663.0,101208464.0
2015-02-13,32.45,33.27,32.96,32.37,25590612.0,214792176.0
2015-02-16,33.0,33.55,33.39,32.84,19721284.0,167347584.0
2015-02-17,33.39,34.09,33.43,33.35,21062600.0,180961440.0
2015-02-25,33.59,34.37,34.02,33.16,31896460.0,275578144.0
2015-02-26,34.06,34.49,34.25,33.78,30513278.0,265660176.0
2015-02-27,34.41,34.41,34.17,34.02,28614988.0,249644624.0
2015-03-02,35.78,37.43,35.94,35.78,112209504.0,1041104320.0
2015-03-03,36.25,38.33,37.58,36.02,106294040.0,1008226304.0
2015-03-04,37.82,39.66,37.51,37.31,86532992.0,845120384.0
2015-03-05,37.82,39.07,37.82,37.58,58288928.0,567899776.0
2015-03-06,37.82,38.01,36.41,36.25,47197996.0,443980032.0
2015-03-09,36.99,38.21,38.17,36.56,53929680.0,517500000.0
2015-03-10,38.01,38.37,37.58,37.23,39418316.0,379598816.0
2015-03-11,37.62,38.72,37.74,37.39,33070814.0,319861344.0
2015-03-12,37.98,38.13,36.6,36.33,43133356.0,406391776.0
2015-03-13,36.84,37.03,36.56,36.09,33992100.0,316299232.0
2015-03-16,36.92,38.09,38.01,36.72,54191736.0,520267968.0
2015-03-17,38.41,40.13,39.54,38.25,87048384.0,873053440.0
2015-03-18,39.54,40.44,39.94,39.27,64510336.0,655920960.0
2015-03-19,39.93,40.37,39.74,39.23,56789904.0,576701184.0
2015-03-20,39.62,41.85,41.31,39.5,71152336.0,741763072.0
2015-03-23,41.82,43.07,42.76,40.84,73702816.0,784281280.0
2015-03-24,42.84,47.03,46.24,41.97,136953248.0,1542243200.0
2015-03-25,45.7,46.4,45.38,44.6,77706504.0,900370240.0
2015-03-26,45.34,45.62,43.54,42.72,60734312.0,684123328.0
2015-03-27,43.77,44.99,44.21,43.5,41002092.0,463331040.0
2015-03-30,44.36,45.81,45.3,44.09,44937556.0,516462112.0
2015-03-31,45.15,46.05,44.25,43.93,46153792.0,526494368.0
2015-04-01,44.56,45.3,44.99,44.09,40535388.0,462939392.0
2015-04-02,45.07,47.81,47.19,44.76,80468152.0,950020608.0
2015-04-03,47.19,47.42,46.83,46.01,54752072.0,652709504.0
2015-04-07,47.03,48.28,47.66,46.44,57430360.0,692950272.0
2015-04-08,47.66,48.01,45.81,45.54,56566416.0,669577088.0
2015-04-09,46.32,46.6,44.72,43.11,49917248.0,567308160.0
2015-04-10,44.68,46.56,46.05,44.4,45626260.0,532003136.0
2015-04-13,46.52,50.67,50.48,46.17,94582536.0,1179818624.0
2015-04-14,48.99,49.46,48.28,48.01,82891712.0,1029691648.0
2015-04-15,48.01,48.05,45.58,44.95,66715188.0,786719168.0
2015-04-16,45.34,47.42,46.36,45.34,44594340.0,530103040.0
2015-04-17,46.48,47.22,46.64,46.05,60632088.0,720277824.0
2015-04-20,46.75,46.75,44.01,43.74,62097248.0,713039232.0
2015-04-21,44.87,45.38,45.15,44.48,39940216.0,458477504.0
2015-04-22,45.23,46.83,46.48,45.19,58335952.0,686603456.0
2015-04-23,46.56,48.4,47.93,45.89,80459664.0,970461952.0
2015-04-24,47.03,48.2,48.01,45.73,67551768.0,809329984.0
2015-04-27,49.18,49.77,47.46,46.87,67683880.0,827340096.0
2015-04-28,47.03,47.46,45.54,44.68,55310588.0,647052160.0
2015-04-29,45.77,45.97,45.54,44.48,32102876.0,371792704.0
2015-04-30,45.46,46.05,45.38,44.68,41984068.0,485914976.0
2015-05-04,45.66,47.46,46.75,45.42,62297756.0,742977728.0
2015-05-05,46.95,47.81,47.62,45.89,78965184.0,947251968.0
2015-05-06,48.2,48.2,46.24,45.46,64829152.0,783859200.0
2015-05-07,45.77,46.13,42.29,42.13,52026472.0,581249536.0
2015-05-08,42.91,43.34,43.15,41.82,35789496.0,389901952.0
2015-05-11,43.58,44.4,44.13,43.19,51673056.0,578105984.0
2015-05-12,44.13,44.91,44.13,42.91,58103600.0,649262528.0
2015-05-13,44.05,44.6,44.28,43.27,60985596.0,682172032.0
2015-05-14,44.17,44.64,43.77,43.42,35289700.0,395461888.0
2015-05-15,44.6,45.42,44.91,43.54,65419200.0,747656448.0
2015-05-18,45.5,46.17,45.07,44.56,54634744.0,633322624.0
2015-05-19,44.99,45.85,45.62,44.24,46462792.0,534799808.0
2015-05-20,45.54,47.58,46.36,45.46,68878808.0,820285760.0
2015-05-21,46.64,47.73,47.69,46.44,62758216.0,757290368.0
2015-05-22,47.81,50.99,50.48,47.81,97537968.0,1227012992.0
2015-05-25,51.34,54.04,53.26,51.34,96965408.0,1309851776.0
2015-05-26,54.04,54.51,53.57,51.93,86278448.0,1171217408.0
2015-05-27,53.53,55.1,54.98,51.61,78382968.0,1061806016.0
2015-05-28,54.47,58.0,52.08,51.81,113026112.0,1612377984.0
2015-05-29,52.01,57.3,57.3,49.77,115504776.0,1600367232.0
2015-10-12,51.57,51.57,51.57,51.57,3506800.0,46009216.0
2015-10-13,46.42,46.42,46.42,46.42,2253200.0,26610292.0
2015-10-14,41.78,41.78,41.78,41.78,7442400.0,79112712.0
2015-10-15,37.61,39.5,38.99,37.61,195940016.0,1910286464.0
2015-10-16,38.63,39.7,39.15,38.4,104495136.0,1039575296.0
2015-10-19,39.03,40.8,40.01,38.95,76374816.0,774183360.0
2015-10-20,40.01,40.17,39.85,39.3,48344972.0,487373312.0
2015-10-21,39.85,40.29,36.83,36.63,65984592.0,650502848.0
2015-10-22,36.67,40.13,39.62,36.63,56617096.0,553526848.0
2015-10-23,39.5,42.76,42.25,39.34,85965392.0,900684992.0
2015-10-26,43.35,43.67,41.54,40.88,77385688.0,824297088.0
2015-10-27,41.54,41.94,41.62,39.89,53467784.0,559421376.0
2015-10-28,42.17,42.84,40.48,40.25,53142280.0,562773504.0
2015-10-29,40.95,41.98,40.64,40.01,41524648.0,431854304.0
2015-10-30,40.21,40.21,39.11,38.71,50821632.0,508187904.0
2015-11-02,38.24,40.25,39.07,37.97,33398774.0,335087328.0
2015-11-03,39.26,39.5,38.48,38.12,23745514.0,233421296.0
2015-11-04,38.83,40.33,40.13,38.24,47553056.0,477280672.0
2015-11-05,40.09,40.29,39.81,39.15,62184584.0,627217280.0
2015-11-06,39.89,40.4,40.05,39.5,57307752.0,582093376.0
2015-11-09,39.89,40.29,40.05,39.11,53629588.0,542504576.0
2015-11-10,39.77,41.43,40.33,39.7,61416320.0,634149888.0
2015-11-11,40.33,40.48,39.85,39.46,44533784.0,451127008.0
2015-11-12,39.74,40.21,39.5,39.19,41850324.0,421416000.0
2015-11-13,38.91,39.46,38.95,38.75,32244384.0,320437440.0
2015-11-16,38.28,39.42,39.3,38.12,30405528.0,299920832.0
2015-11-17,39.3,39.7,38.87,38.79,37123024.0,370121504.0
2015-11-18,38.79,39.07,38.05,37.65,33861256.0,330012032.0
2015-11-19,38.01,38.44,38.32,37.89,20903916.0,202726640.0
2015-11-20,38.32,38.56,38.48,37.77,33729984.0,327473408.0
2015-11-23,38.48,40.01,39.54,38.09,50204752.0,500914304.0
2015-11-24,39.3,39.62,39.15,38.6,29268276.0,290758688.0
2015-11-25,39.11,41.07,40.48,38.95,68740392.0,704217280.0
2015-11-26,41.27,41.82,39.97,39.7,60744080.0,627459072.0
2015-11-27,40.17,41.98,39.3,38.95,76174616.0,787191168.0
2015-11-30,39.7,40.13,37.42,35.37,71942656.0,682841600.0
2015-12-01,37.38,38.36,37.22,35.57,44066291.0,415197331.0
2015-12-02,36.79,36.98,36.79,34.67,45803264.0,419612992.0
2015-12-03,36.55,37.1,36.91,36.24,32743769.0,305840931.0
2015-12-04,36.91,37.26,36.24,36.16,32782396.0,306208256.0
2015-12-07,36.47,36.87,36.55,36.16,25234000.0,234072409.0
2015-12-08,36.67,37.26,37.1,35.26,38754536.0,356047520.0
2015-12-09,36.59,37.02,36.04,35.96,20741186.0,192169767.0
2015-12-10,35.77,36.24,36.04,35.37,25020608.0,227780352.0
2015-12-11,36.08,36.08,35.69,35.37,17662980.0,160000496.0
2015-12-14,35.45,35.84,35.69,34.9,23353686.0,209721744.0
2015-12-15,35.73,36.04,35.57,35.37,19574368.0,177615360.0
2015-12-16,35.88,36.95,36.67,35.69,34137072.0,314371136.0
2015-12-17,36.67,37.02,36.83,36.43,33720976.0,315586080.0
2015-12-18,37.26,38.36,37.22,37.14,41097544.0,393587232.0
2015-12-21,37.06,37.61,37.38,36.75,28868796.0,272950656.0
2015-12-22,37.26,38.01,37.93,37.02,32927088.0,314155644.0
2015-12-23,38.32,38.44,36.79,36.59,36128648.0,344638720.0
2015-12-24,36.71,36.75,36.2,35.84,21223172.0,195507200.0
2015-12-25,36.36,37.97,37.18,36.12,31528440.0,299256183.0
2015-12-28,37.06,37.81,36.2,36.16,30073931.0,282255579.0
2015-12-29,36.04,36.51,36.36,35.8,17720774.0,162788720.0
2015-12-30,36.4,36.51,36.0,35.8,19050656.0,174865884.0
2015-12-31,36.16,36.36,35.65,35.61,16238846.0,148377691.0
2016-01-04,35.65,35.65,32.07,32.07,26136363.0,225755346.0
2016-01-05,30.26,31.99,30.15,28.89,50166651.0,386375066.0
2016-01-06,30.38,30.89,30.73,29.99,32011626.0,248164372.0
2016-01-07,30.07,30.15,27.67,27.67,9364600.0,68318744.0
2016-01-08,28.3,29.08,27.43,26.14,44219682.0,309204162.0
2016-01-11,27.2,27.36,24.68,24.68,47098885.0,309192006.0
2016-01-12,24.88,25.04,24.6,23.78,33278991.0,207573049.0
2016-01-13,24.68,25.55,24.37,24.29,33360280.0,211883866.0
2016-01-14,23.5,25.07,24.88,23.39,29393031.0,181479890.0
2016-01-15,24.76,24.8,23.11,22.95,32543711.0,198032250.0
2016-01-18,22.56,23.94,23.54,22.4,23333116.0,138721566.0
2016-01-19,23.46,24.6,24.52,23.39,32889988.0,200927444.0
2016-01-20,24.29,25.35,25.27,24.09,39513065.0,247319481.0
2016-01-21,24.68,25.59,23.78,23.58,35060684.0,220626630.0
2016-01-22,24.21,24.57,24.49,23.58,22061653.0,135062182.0
2016-01-25,24.64,24.8,24.49,24.29,19338252.0,120929607.0
2016-01-26,24.29,24.29,22.05,22.05,28877932.0,170923811.0
2016-01-27,22.32,22.56,21.14,20.2,31239324.0,169329097.0
2016-01-28,21.03,21.3,19.89,19.85,22989766.0,120505864.0
2016-01-29,19.77,21.03,20.67,19.69,27346265.0,142017517.0
2016-02-01,20.67,21.73,21.34,20.48,38843359.0,209798541.0
2016-02-02,21.93,22.44,22.13,21.73,23755779.0,133730536.0
2016-02-03,22.4,24.33,23.82,22.13,44414286.0,267475941.0
2016-02-04,23.11,24.17,23.9,23.11,29629031.0,178478669.0
2016-02-05,23.86,23.9,23.27,23.03,20942948.0,124943245.0
2016-02-15,22.4,22.99,22.8,22.25,12899398.0,74279315.0
2016-02-16,23.03,23.74,23.66,22.84,21679236.0,129665573.0
2016-02-17,23.5,23.78,23.66,23.27,22800745.0,136559977.0
2016-02-18,23.74,24.72,24.29,23.5,33189768.0,203141591.0
2016-02-19,23.98,24.21,23.9,23.66,20228267.0,123218560.0
2016-02-22,24.17,24.68,24.52,23.94,31334513.0,193827588.0
2016-02-23,24.52,24.52,24.13,23.78,20371206.0,125142759.0
2016-02-24,23.98,24.52,24.41,23.82,21381996.0,131273934.0
2016-02-25,24.37,24.57,21.97,21.97,39663990.0,234779894.0
2016-02-26,22.84,23.5,22.8,22.29,35392005.0,206656826.0
2016-02-29,22.56,22.6,21.5,20.79,27652864.0,150342539.0
2016-03-01,21.58,22.09,21.81,21.3,19994120.0,110551012.0
2016-03-02,22.01,23.35,22.99,21.81,27801358.0,159777257.0
2016-03-03,22.95,24.21,23.54,22.84,40553859.0,242178663.0
2016-03-04,23.39,23.78,22.48,21.7,35085248.0,203535945.0
2016-03-07,23.5,23.5,23.19,22.84,19536408.0,114898355.0
2016-03-08,23.27,23.39,23.35,22.17,23525816.0,136350828.0
2016-03-09,22.8,22.91,22.76,22.44,13697628.0,79048350.0
2016-03-10,22.76,22.87,22.01,21.93,14973676.0,85331479.0
2016-03-11,21.97,22.01,21.81,21.58,11394633.0,63221512.0
2016-03-14,21.7,22.56,22.36,21.66,21453733.0,121479315.0
2016-03-15,22.36,22.36,22.01,21.85,17721405.0,99440132.0
2016-03-16,22.05,22.25,21.62,21.5,16071166.0,89147957.0
2016-03-17,21.62,22.32,22.13,21.58,20297941.0,113558470.0
2016-03-18,22.25,22.99,22.84,22.09,38803464.0,223502827.0
2016-03-21,23.19,23.82,23.78,22.87,42962673.0,255737050.0
2016-03-22,23.7,23.7,23.58,23.31,31542060.0,188617977.0
2016-03-23,23.46,23.86,23.78,23.39,28306809.0,170640690.0
2016-03-24,23.54,23.54,23.11,23.07,28179031.0,167124947.0
2016-03-25,23.11,23.5,23.27,22.84,17025392.0,100540941.0
2016-03-28,23.43,23.62,23.07,22.95,19933005.0,118460347.0
2016-03-30,23.58,23.82,23.7,23.27,41497764.0,249266569.0
2016-03-31,23.58,23.78,23.43,23.31,30781077.0,183883826.0
2016-04-01,23.27,23.39,22.84,22.4,35295147.0,204626754.0
2016-04-05,22.84,24.05,23.9,22.56,45141963.0,269985716.0
2016-04-06,23.58,24.29,24.17,23.5,47308279.0,287791744.0
2016-04-07,24.21,24.29,23.62,23.58,33996477.0,206295024.0
2016-04-08,23.31,23.5,23.27,22.87,26428419.0,155878146.0
2016-04-11,23.43,23.9,23.74,23.35,26287476.0,158608873.0
2016-04-12,23.66,23.74,23.5,23.19,17485998.0,104110600.0
2016-04-13,23.62,24.33,24.05,23.62,52970590.0,324757159.0
2016-04-14,24.09,25.27,24.96,23.94,58444564.0,364071903.0
2016-04-15,24.76,25.7,25.47,24.57,66292392.0,424479883.0
2016-04-18,25.43,25.43,24.76,24.6,40193324.0,255064575.0
2016-04-19,24.92,25.47,25.27,24.64,36284471.0,231666123.0
2016-04-20,25.27,26.18,25.66,23.82,85574016.0,551187328.0
2016-04-21,25.27,27.2,26.57,24.96,91134043.0,605048199.0
2016-04-22,25.86,26.14,25.86,25.19,52130593.0,342401559.0
2016-04-25,25.63,25.78,25.35,24.57,38207937.0,245114275.0
2016-04-26,25.23,25.59,25.43,24.84,25594365.0,164226414.0
2016-04-27,25.47,25.51,24.52,24.45,30110263.0,191269250.0
2016-04-28,24.49,24.76,23.94,23.62,36487125.0,223294992.0
2016-04-29,23.82,24.25,24.09,23.7,18569028.0,113383433.0
2016-05-03,24.17,24.57,24.57,23.78,23361708.0,144551958.0
2016-05-04,24.41,25.15,24.76,24.29,30655057.0,193349839.0
2016-05-05,24.6,24.96,24.76,24.37,21586257.0,135508644.0
2016-05-06,24.72,25.11,23.7,23.66,37548233.0,231720880.0
2016-05-09,23.62,23.62,22.64,22.21,27009745.0,155927774.0
2016-05-10,22.72,22.88,22.76,22.6,14552070.0,84206714.0
2016-05-11,22.88,23.19,22.84,22.72,18629820.0,109008301.0
2016-05-12,22.52,22.56,22.48,21.77,13025797.0,73649390.0
2016-05-13,22.4,22.72,22.32,22.21,11087076.0,63496993.0
2016-05-16,22.25,22.56,22.52,22.13,9737323.0,55470201.0
2016-05-17,22.72,22.76,22.25,22.13,11346905.0,64541312.0
2016-05-18,22.09,22.21,21.3,21.26,17689786.0,97818198.0
2016-05-19,21.38,21.77,21.42,21.26,14803611.0,80962084.0
2016-05-20,21.34,21.73,21.66,20.95,13706111.0,74779141.0
2016-05-23,21.7,21.89,21.66,21.54,12658377.0,69903121.0
2016-05-24,21.73,22.21,22.13,21.62,22526369.0,125554914.0
2016-05-25,22.17,22.52,22.21,22.09,22405938.0,127419205.0
2016-05-26,22.25,24.37,23.86,22.25,70102862.0,419872097.0
2016-05-27,23.54,24.6,23.94,23.39,43706696.0,268269084.0
2016-05-30,23.62,24.21,24.05,23.43,18857782.0,115027514.0
2016-05-31,24.09,24.96,24.8,23.94,34299074.0,214764831.0
2016-06-01,24.76,24.8,24.57,24.33,25885476.0,161544151.0
2016-06-02,24.45,24.52,24.33,24.05,19614992.0,120960576.0
2016-06-03,24.49,24.84,24.33,24.17,22375766.0,139640139.0
2016-06-06,24.33,25.55,25.11,24.33,36531752.0,233848666.0
2016-06-07,25.0,25.19,24.64,24.49,19717669.0,124257027.0
2016-06-08,24.6,26.25,25.35,24.45,40744233.0,263589225.0
2016-06-13,25.11,26.06,24.41,24.37,40819663.0,263081787.0
2016-06-14,24.01,24.25,23.86,23.43,36183951.0,218489863.0
2016-06-15,23.43,25.11,24.8,23.39,24769406.0,154956741.0
2016-06-16,24.8,25.35,24.45,24.29,22028191.0,139236126.0
2016-06-17,24.68,25.0,24.25,23.98,19009908.0,118925358.0
2016-06-20,24.25,24.33,23.74,23.39,28708671.0,172983187.0
2016-06-21,24.01,24.01,23.54,23.5,15627301.0,94471138.0
2016-06-22,23.54,23.9,23.74,23.43,14764697.0,88905665.0
2016-06-23,23.82,23.82,23.31,23.27,20900168.0,125061887.0
2016-06-24,23.43,23.43,22.76,22.32,24299412.0,141864170.0
2016-06-27,22.64,23.58,23.27,22.44,18348294.0,108354363.0
2016-06-28,23.23,23.58,23.5,22.99,16829643.0,99994382.0
2016-06-29,23.66,23.9,23.58,23.19,20551062.0,123146936.0
2016-06-30,23.58,23.66,23.39,23.19,13380780.0,79514121.0
2016-07-01,23.39,23.5,23.07,22.95,14827803.0,87582768.0
2016-07-04,23.07,23.66,23.58,22.99,19308556.0,115185220.0
2016-07-05,23.62,24.8,24.6,23.54,40164571.0,247146086.0
2016-07-06,24.37,24.45,24.33,24.09,26155986.0,161408200.0
2016-07-07,24.29,24.52,24.33,24.01,21337380.0,131984483.0
2016-07-08,24.45,24.45,24.17,24.01,17806868.0,109435811.0
2016-07-11,24.09,24.52,24.37,24.01,32719493.0,202076770.0
2016-07-12,24.28,24.71,24.63,23.88,36455846.0,223645269.0
2016-07-13,24.71,25.03,24.63,24.39,28555997.0,178237370.0
2016-07-14,24.59,24.99,24.63,24.39,29936706.0,186511641.0
2016-07-15,24.71,24.75,24.47,24.39,15677807.0,97275790.0
2016-07-18,24.36,25.07,24.63,24.12,43310482.0,270401953.0
2016-07-19,24.55,24.71,24.59,24.36,17845169.0,110631519.0
2016-07-20,24.59,25.11,24.43,24.39,29246849.0,182555469.0
2016-07-21,24.51,24.63,24.39,24.32,19598819.0,121232871.0
2016-07-22,24.43,24.63,24.39,24.32,16031950.0,99082713.0
2016-07-25,24.24,24.67,24.59,24.24,15541117.0,96372757.0
2016-07-26,24.59,24.95,24.95,24.51,29439627.0,184819754.0
2016-07-27,24.99,25.03,23.88,23.45,40762021.0,249127918.0
2016-07-28,23.76,23.96,23.68,23.45,18306473.0,109894873.0
2016-07-29,23.68,23.88,23.6,23.52,10828403.0,64799925.0
2016-08-01,23.6,23.68,23.09,22.73,14946829.0,86893876.0
2016-08-02,23.09,23.21,23.17,23.01,7650902.0,44758615.0
2016-08-03,23.17,23.37,23.33,23.05,9253965.0,54346966.0
2016-08-04,23.29,23.52,23.52,23.17,12398337.0,73371111.0
2016-08-05,23.56,23.72,23.64,23.48,11580875.0,69208526.0
2016-08-08,23.56,24.12,24.04,23.41,14859276.0,89447577.0
2016-08-09,24.43,25.18,24.87,24.39,40870700.0,256276655.0
2016-08-10,24.67,24.83,24.55,24.47,18418937.0,114740480.0
2016-08-11,24.51,25.5,24.71,24.43,37987652.0,239991047.0
2016-08-12,24.87,25.78,25.62,24.63,54304686.0,346310559.0
2016-08-15,25.5,25.98,25.7,25.11,43603744.0,281692358.0
2016-08-16,25.7,25.7,25.26,25.18,27173413.0,174810804.0
2016-08-17,27.79,27.79,27.79,27.2,36923844.0,259208747.0
2016-08-18,28.62,29.77,28.74,28.47,150628071.0,1108900984.0
2016-08-19,28.19,28.55,27.83,27.56,81189878.0,572163310.0
2016-08-22,27.68,28.39,26.96,26.92,48649658.0,340295410.0
2016-08-24,26.61,27.12,26.73,26.09,54849835.0,367805962.0
2016-08-25,26.33,26.41,26.09,25.78,37775637.0,249017215.0
2016-08-26,26.05,26.37,25.94,25.78,26735421.0,176404472.0
2016-08-29,25.94,27.0,26.53,25.82,34405221.0,230659233.0
2016-08-30,26.61,26.69,26.25,26.13,17558460.0,116714343.0
2016-08-31,26.21,26.57,26.37,25.86,25631523.0,170184086.0
2016-09-01,26.37,26.45,25.86,25.86,21555022.0,142584851.0
2016-09-02,25.94,25.98,25.58,25.26,21393822.0,138556966.0
2016-09-05,25.7,26.13,25.94,25.54,19613316.0,128630200.0
2016-09-06,25.9,26.84,26.84,25.54,44506535.0,297759721.0
2016-09-07,26.69,27.44,26.61,26.53,38192991.0,260477968.0
2016-09-08,26.57,26.84,26.84,26.29,22291912.0,149969210.0
2016-09-09,26.81,27.12,26.37,26.33,20930113.0,141636005.0
2016-09-12,25.82,25.9,25.11,25.03,28964691.0,186350232.0
2016-09-13,25.34,25.5,25.3,25.07,12556653.0,80353307.0
2016-09-14,25.26,25.26,24.87,24.79,15402500.0,97361241.0
2016-09-19,24.95,25.34,25.26,24.95,11158752.0,71123344.0
2016-09-20,25.38,25.46,25.38,25.11,11515495.0,73654751.0
2016-09-21,25.34,25.58,25.42,25.3,11744881.0,75611127.0
2016-09-22,25.5,25.66,25.38,25.3,12893602.0,83071877.0
2016-09-23,25.38,25.5,25.07,25.03,12587400.0,80293024.0
2016-09-26,25.03,25.07,24.36,24.32,16175783.0,100805492.0
2016-09-27,24.39,24.67,24.63,24.32,10318887.0,63900692.0
2016-09-28,24.71,24.75,24.67,24.51,10251251.0,63953595.0
2016-09-29,25.22,25.42,24.99,24.79,18798781.0,119885026.0
2016-09-30,24.87,25.14,24.99,24.87,8438024.0,53359352.0
2016-10-10,25.74,25.98,25.9,25.34,22474856.0,146136221.0
2016-10-11,25.82,26.02,25.98,25.7,15143494.0,99141441.0
2016-10-12,25.9,26.84,26.53,25.74,30846258.0,205537430.0
2016-10-13,26.37,26.53,26.21,26.17,15643805.0,104092635.0
2016-10-14,26.33,26.65,26.29,26.21,20380427.0,136154904.0
2016-10-17,26.57,26.77,25.78,25.58,18061055.0,119406698.0
2016-10-18,25.9,26.49,26.41,25.74,17336140.0,114840319.0
2016-10-19,26.49,26.84,26.61,26.41,20333210.0,137056579.0
2016-10-20,26.77,26.84,26.49,26.33,10936769.0,73415260.0
2016-10-21,26.61,26.61,26.13,25.94,15250038.0,101151035.0
2016-10-24,26.09,26.53,26.45,26.09,14488603.0,96712335.0
2016-10-25,26.45,27.6,27.52,26.45,39311982.0,269280769.0
2016-10-26,26.92,27.28,26.89,26.65,32586437.0,222095136.0
2016-10-27,26.73,27.0,26.65,26.61,17144576.0,116072954.0
2016-10-28,26.81,26.81,26.17,26.09,15909632.0,106328867.0
2016-10-31,26.25,26.69,26.57,26.05,15443594.0,103329862.0
2016-11-01,26.57,26.77,26.57,26.29,11847456.0,79557229.0
2016-11-02,26.57,26.57,26.21,26.05,16120096.0,107072014.0
2016-11-03,26.21,26.61,26.37,25.94,13371739.0,89315528.0
2016-11-04,26.41,26.41,26.17,26.09,12313607.0,81702418.0
2016-11-07,26.25,26.49,26.37,26.09,12053712.0,80192605.0
2016-11-08,26.73,27.4,26.96,26.65,31258108.0,213801313.0
2016-11-09,26.96,27.32,26.69,26.13,27901452.0,189404399.0
2016-11-10,27.16,27.95,27.71,27.0,43963423.0,305770375.0
2016-11-11,27.71,28.11,27.79,27.48,32250875.0,226847955.0
2016-11-14,27.56,27.83,27.6,27.28,27291969.0,190140559.0
2016-11-15,27.6,28.74,27.95,27.44,31044660.0,221076246.0
2016-11-16,27.83,27.87,27.68,27.48,20953089.0,146465577.0
2016-11-17,27.75,27.79,27.52,27.32,14865426.0,103307155.0
2016-11-18,27.64,27.87,27.68,27.48,19240591.0,134786765.0
2016-11-21,27.52,28.31,28.03,27.44,25520688.0,180771387.0
2016-11-22,28.07,28.19,27.95,27.83,18587080.0,131669579.0
2016-11-23,28.03,28.19,27.71,27.64,18454974.0,130124227.0
2016-11-24,27.71,27.87,27.52,27.4,19435212.0,135624186.0
2016-11-25,27.28,27.75,27.71,27.04,19455668.0,134531910.0
2016-11-28,27.75,27.79,27.48,27.36,17393001.0,121132586.0
2016-11-29,27.48,27.48,27.12,27.08,16607274.0,114594471.0
2016-11-30,27.0,27.24,26.69,26.49,20538422.0,139223284.0
2016-12-01,26.65,27.36,27.2,26.61,18486780.0,126250143.0
2016-12-02,27.28,27.32,26.73,26.61,13588708.0,92309517.0
2016-12-05,26.57,27.08,26.57,26.45,13722107.0,92530656.0
2016-12-06,26.89,27.24,26.73,26.69,10910465.0,74370387.0
2016-12-07,26.69,27.12,26.96,26.65,10864394.0,74047479.0
2016-12-08,27.0,27.32,27.2,26.92,12854956.0,88496895.0
2016-12-09,27.28,27.99,27.87,27.08,31352711.0,220144538.0
2016-12-12,27.91,27.95,26.41,26.37,30976616.0,212743943.0
2016-12-13,26.37,27.36,27.28,26.33,14344422.0,97135369.0
2016-12-14,27.28,27.99,27.56,26.92,29160380.0,203554060.0
2016-12-15,27.56,28.07,27.99,27.4,33759194.0,237255155.0
2016-12-16,27.99,28.11,27.83,27.48,25087175.0,176135444.0
2016-12-19,27.83,28.7,28.59,27.52,39425694.0,282345822.0
2016-12-20,28.55,28.9,28.82,28.07,32162941.0,230749033.0
2016-12-21,28.82,28.86,28.19,28.11,30594173.0,220026635.0
2016-12-22,28.27,28.74,28.59,27.95,27840273.0,199297202.0
2016-12-23,28.47,28.51,28.19,27.99,17316489.0,123556632.0
2016-12-26,27.91,28.47,28.11,27.56,17632332.0,124288951.0
2016-12-27,28.11,29.06,28.86,27.87,37639065.0,272342816.0
2016-12-28,28.78,29.18,28.59,28.47,26585866.0,193447195.0
2016-12-29,28.51,28.74,28.11,28.07,17826828.0,127849872.0
2016-12-30,28.11,28.55,28.11,27.95,16189946.0,115556093.0
2017-01-03,28.39,28.98,28.86,28.11,24108872.0,173977187.0
2017-01-04,28.78,29.57,29.22,28.66,47649422.0,351903879.0
2017-01-05,29.14,29.38,29.18,28.82,24760044.0,182031695.0
2017-01-06,29.14,30.36,29.93,28.98,44995537.0,337518717.0
2017-01-09,29.73,30.25,29.85,29.61,30781355.0,232538210.0
2017-01-10,29.89,29.89,29.22,29.1,27493232.0,204505711.0
2017-01-11,28.98,29.89,29.14,28.98,25279125.0,188116210.0
2017-01-12,29.18,29.41,28.86,28.74,20229713.0,148128454.0
2017-01-13,28.78,29.26,28.86,28.11,32603275.0,234943654.0
2017-01-16,28.74,29.14,28.39,27.08,25029450.0,179669797.0
2017-01-17,28.31,28.66,28.59,27.79,20964996.0,149376866.0
2017-01-18,28.47,28.98,28.47,28.43,16002067.0,116262131.0
2017-01-19,28.43,28.51,28.19,28.03,12614285.0,90084293.0
2017-01-20,28.23,28.59,28.43,28.11,14835395.0,106502814.0
2017-01-23,28.43,28.66,28.62,28.35,11371853.0,82008792.0
2017-01-24,28.7,28.74,28.43,28.35,10375001.0,74902142.0
2017-01-25,28.51,28.55,28.39,28.35,8518379.0,61247155.0
2017-01-26,28.51,28.62,28.47,28.39,9471068.0,68270833.0
2017-02-03,28.62,28.86,28.66,28.47,8728967.0,63269217.0
2017-02-06,28.74,29.45,29.3,28.74,19104375.0,140901721.0
2017-02-07,29.34,29.34,29.26,29.02,11989274.0,88355365.0
2017-02-08,29.18,29.26,29.14,28.66,16575818.0,121239115.0
2017-02-09,29.1,29.22,29.22,28.9,15091441.0,111067562.0
2017-02-10,29.22,29.26,28.94,28.86,16534837.0,121542556.0
2017-02-13,28.86,28.9,28.78,28.55,17476836.0,126913692.0
2017-02-14,28.98,29.93,29.61,28.9,36880902.0,275430710.0
2017-02-15,29.61,29.73,28.78,28.74,27664383.0,204479237.0
2017-02-16,28.82,28.9,28.86,28.51,17411529.0,126296126.0
2017-02-17,28.78,28.82,28.51,28.39,17353825.0,125343836.0
2017-02-20,28.66,29.1,29.1,28.55,14421255.0,105206139.0
2017-02-21,29.06,29.22,29.02,28.86,14633765.0,107338529.0
2017-02-22,29.18,29.61,29.53,28.94,24862001.0,184408014.0
2017-02-23,29.45,30.4,29.93,29.41,43042042.0,326774223.0
2017-02-24,30.05,31.11,30.4,29.81,42850624.0,330208334.0
2017-02-27,30.48,31.08,30.44,30.21,38191504.0,295656288.0
2017-02-28,30.76,31.08,30.84,30.4,29347661.0,228345341.0
2017-03-01,30.88,31.75,31.35,30.76,38410486.0,304808876.0
2017-03-02,31.35,31.51,30.88,30.76,24327160.0,190918561.0
2017-03-03,30.76,31.23,30.96,30.64,19231664.0,150066127.0
